text,lemma,pos,tag,dependency,morph,utterance_id,speaker_code
yyy,yyy,VERB,VERB,ROOT,Mood=Sub|Number=Sing|Person=3|Tense=Pres|VerbForm=Fin,17476492,CHI
.,.,PUNCT,PUNCT,punct,,17476492,CHI
xxx,xxx,ADJ,ADJ,ROOT,Number=Sing,17476506,CHI
.,.,PUNCT,PUNCT,ROOT,,17476506,CHI
yyy,yyy,VERB,VERB,ROOT,Mood=Sub|Number=Sing|Person=3|Tense=Pres|VerbForm=Fin,17476520,CHI
.,.,PUNCT,PUNCT,punct,,17476520,CHI
yyy,yyy,AUX,AUX,advmod,Mood=Sub|Number=Sing|Person=3|Tense=Pres|VerbForm=Fin,17476540,CHI
yyy,yyy,ADV,ADV,advmod,Polarity=Neg,17476540,CHI
yyy,yyy,VERB,VERB,ROOT,Mood=Sub|Number=Sing|Person=3|Tense=Pres|VerbForm=Fin,17476540,CHI
.,.,PUNCT,PUNCT,punct,,17476540,CHI
yyy,yyy,AUX,AUX,expl:pass,Mood=Sub|Number=Sing|Person=3|Tense=Pres|VerbForm=Fin,17476556,CHI
yyy,yyy,VERB,VERB,ROOT,Mood=Sub|Number=Sing|Person=3|Tense=Pres|VerbForm=Fin,17476556,CHI
.,.,PUNCT,PUNCT,punct,,17476556,CHI
yyy,yyy,VERB,VERB,ROOT,Mood=Sub|Number=Sing|Person=3|Tense=Pres|VerbForm=Fin,17476578,CHI
.,.,PUNCT,PUNCT,punct,,17476578,CHI
yyy,yyy,VERB,VERB,ROOT,Mood=Sub|Number=Sing|Person=3|Tense=Pres|VerbForm=Fin,17476587,CHI
.,.,PUNCT,PUNCT,punct,,17476587,CHI
tu,tu,PRON,PRON,ROOT,Number=Sing|Person=1,17476604,MOT
chantes,chante,ADJ,ADJ,amod,Number=Plur,17476604,MOT
?,?,PUNCT,PUNCT,punct,,17476604,MOT
yyy,yyy,VERB,VERB,ROOT,Mood=Sub|Number=Sing|Person=3|Tense=Pres|VerbForm=Fin,17476615,CHI
.,.,PUNCT,PUNCT,punct,,17476615,CHI
yyy,yyy,VERB,VERB,ROOT,Mood=Sub|Number=Sing|Person=3|Tense=Pres|VerbForm=Fin,17476629,CHI
.,.,PUNCT,PUNCT,punct,,17476629,CHI
www,www,PRON,PRON,ROOT,Number=Sing,17476654,CHI
.,.,PUNCT,PUNCT,punct,,17476654,CHI
www,www,PRON,PRON,ROOT,Number=Sing,17476667,CHI
.,.,PUNCT,PUNCT,punct,,17476667,CHI
tu,tu,PRON,PRON,nsubj,Number=Sing|Person=1,17476681,MOT
t',te,PRON,PRON,nsubj,Number=Sing|Person=1,17476681,MOT
en,en,PRON,PRON,iobj,Person=3,17476681,MOT
vas,aller,VERB,VERB,ROOT,Mood=Ind|Number=Sing|Person=3|Tense=Pres|VerbForm=Fin,17476681,MOT
?,?,PUNCT,PUNCT,punct,,17476681,MOT
là,là,ADV,ADV,ROOT,,17476697,CHI
.,.,PUNCT,PUNCT,punct,,17476697,CHI
www,www,PRON,PRON,ROOT,Number=Sing,17476707,CHI
.,.,PUNCT,PUNCT,punct,,17476707,CHI
yyy,yyy,VERB,VERB,ROOT,Mood=Sub|Number=Sing|Person=3|Tense=Pres|VerbForm=Fin,17476719,CHI
.,.,PUNCT,PUNCT,punct,,17476719,CHI
www,www,PRON,PRON,ROOT,Number=Sing,17476735,CHI
.,.,PUNCT,PUNCT,punct,,17476735,CHI
www,www,PRON,PRON,ROOT,Number=Sing,17476745,CHI
.,.,PUNCT,PUNCT,punct,,17476745,CHI
yyy,yyy,VERB,VERB,ROOT,Mood=Sub|Number=Sing|Person=3|Tense=Pres|VerbForm=Fin,17476753,CHI
.,.,PUNCT,PUNCT,punct,,17476753,CHI
yyy,yyy,VERB,VERB,ROOT,Mood=Sub|Number=Sing|Person=3|Tense=Pres|VerbForm=Fin,17476767,CHI
.,.,PUNCT,PUNCT,punct,,17476767,CHI
www,www,PRON,PRON,ROOT,Number=Sing,17476777,CHI
.,.,PUNCT,PUNCT,punct,,17476777,CHI
tu,tu,PRON,PRON,nsubj,Number=Sing|Person=1,17476786,MOT
remontes,remonter,VERB,VERB,ROOT,Mood=Ind|Number=Plur|Person=3|Tense=Pres|VerbForm=Fin,17476786,MOT
?,?,PUNCT,PUNCT,punct,,17476786,MOT
ah,ah,CCONJ,CCONJ,ROOT,,17476797,CHI
.,.,PUNCT,PUNCT,punct,,17476797,CHI
ah,ah,CCONJ,CCONJ,ROOT,,17476810,MOT
.,.,PUNCT,PUNCT,punct,,17476810,MOT
oh,oh,PRON,PRON,ROOT,Number=Sing|Person=1,17476839,INV
mais,mais,CCONJ,CCONJ,cc,,17476839,INV
je,je,PRON,PRON,nsubj,Number=Sing|Person=1,17476839,INV
te,te,PRON,PRON,expl:comp,Number=Sing|Person=1|Reflex=Yes,17476839,INV
vois,voir,VERB,VERB,conj,Mood=Ind|Number=Sing|Person=1|Tense=Pres|VerbForm=Fin,17476839,INV
plus,plus,ADV,ADV,advmod,Polarity=Neg,17476839,INV
!,!,PUNCT,PUNCT,punct,,17476839,INV
hoplà,hoplà,NOUN,NOUN,ROOT,Gender=Fem|Number=Sing,17476849,INV
.,.,PUNCT,PUNCT,ROOT,,17476849,INV
donne,donne,VERB,VERB,ROOT,Mood=Ind|Number=Sing|Person=3|Tense=Pres|VerbForm=Fin,17476859,INV
la,le,DET,DET,det,Definite=Def|Gender=Fem|Number=Sing|PronType=Art,17476859,INV
main,main,NOUN,NOUN,obj,Gender=Fem|Number=Sing,17476859,INV
.,.,PUNCT,PUNCT,punct,,17476859,INV
www,www,PRON,PRON,ROOT,Number=Sing,17476868,CHI
.,.,PUNCT,PUNCT,punct,,17476868,CHI
www,www,PRON,PRON,ROOT,Number=Sing,17476880,CHI
.,.,PUNCT,PUNCT,punct,,17476880,CHI
Ana,ana,PRON,PRON,nsubj,Gender=Fem|Number=Sing|Person=3,17476891,MOT
tu,tu,PRON,PRON,nsubj,Number=Sing|Person=3,17476891,MOT
es,être,AUX,AUX,cop,Mood=Ind|Number=Plur|Person=3|Tense=Pres|VerbForm=Fin,17476891,MOT
déjà,déjà,ADV,ADV,advmod,,17476891,MOT
pleine,plein,ADJ,ADJ,ROOT,Gender=Fem|Number=Sing,17476891,MOT
de,de,ADP,ADP,case,,17476891,MOT
bleus,bleu,NOUN,NOUN,obl:arg,Gender=Masc|Number=Plur,17476891,MOT
.,.,PUNCT,PUNCT,punct,,17476891,MOT
xxx,xxx,ADJ,ADJ,nsubj,Gender=Masc|Number=Sing,17476901,MOT
tu,tu,PRON,PRON,nsubj,Number=Sing|Person=1,17476901,MOT
fais,faire,VERB,VERB,ROOT,Mood=Ind|Number=Sing|Person=1|Tense=Pres|VerbForm=Fin,17476901,MOT
que,que,SCONJ,SCONJ,mark,,17476901,MOT
tomber,tomber,VERB,VERB,ccomp,VerbForm=Inf,17476901,MOT
à,à,ADP,ADP,mark,,17476901,MOT
monter,monter,VERB,VERB,xcomp,VerbForm=Inf,17476901,MOT
de,de,ADP,ADP,case,,17476901,MOT
partout,partout,ADV,ADV,obl:mod,,17476901,MOT
!,!,PUNCT,PUNCT,punct,,17476901,MOT
attends,attendre,VERB,VERB,ROOT,Mood=Ind|Number=Sing|Person=3|Tense=Pres|VerbForm=Fin,17476910,MOT
comme,comme,ADP,ADP,case,,17476910,MOT
ça,cela,PRON,PRON,obl:mod,Gender=Masc|Number=Sing|Person=3|PronType=Dem,17476910,MOT
.,.,PUNCT,PUNCT,punct,,17476910,MOT
www,www,PRON,PRON,ROOT,Number=Sing,17476923,CHI
.,.,PUNCT,PUNCT,punct,,17476923,CHI
tu,tu,PRON,PRON,nsubj,Number=Sing|Person=1,17476933,MOT
viens,venir,VERB,VERB,ROOT,Mood=Ind|Number=Sing|Person=1|Tense=Pres|VerbForm=Fin,17476933,MOT
tu,tu,PRON,PRON,nsubj,Number=Sing|Person=1,17476933,MOT
viens,venir,VERB,VERB,xcomp,Mood=Ind|Number=Sing|Person=1|Tense=Pres|VerbForm=Fin,17476933,MOT
jouer,jouer,VERB,VERB,xcomp,VerbForm=Inf,17476933,MOT
?,?,PUNCT,PUNCT,punct,,17476933,MOT
tu,tu,PRON,PRON,nsubj,Number=Sing|Person=1,17476941,MOT
es,être,AUX,AUX,case,Mood=Ind|Number=Plur|Person=3|Tense=Pres|VerbForm=Fin,17476941,MOT
grande,grand,ADJ,ADJ,amod,Gender=Fem|Number=Sing,17476941,MOT
hein,hein,NOUN,NOUN,ROOT,Gender=Fem|Number=Sing,17476941,MOT
!,!,PUNCT,PUNCT,punct,,17476941,MOT
oh,oh,PRON,PRON,ROOT,,17476952,MOT
qu',qu',PRON,PRON,dep,PronType=Rel,17476952,MOT
est,être,AUX,AUX,cop,Mood=Ind|Number=Sing|Person=3|Tense=Pres|VerbForm=Fin,17476952,MOT
-ce,-ce,PRON,PRON,nsubj,Number=Sing|Person=3,17476952,MOT
tu,tu,PRON,PRON,nsubj,Number=Sing|Person=3,17476952,MOT
es,être,AUX,AUX,cop,Mood=Ind|Number=Plur|Person=3|Tense=Pres|VerbForm=Fin,17476952,MOT
grande,grand,ADJ,ADJ,acl:relcl,Gender=Fem|Number=Sing,17476952,MOT
!,!,PUNCT,PUNCT,punct,,17476952,MOT
www,www,PRON,PRON,ROOT,Number=Sing,17476963,MOT
.,.,PUNCT,PUNCT,punct,,17476963,MOT
www,www,PRON,PRON,ROOT,Number=Sing,17476972,CHI
.,.,PUNCT,PUNCT,punct,,17476972,CHI
yyy,yyy,AUX,AUX,expl:pass,Mood=Sub|Number=Sing|Person=3|Tense=Pres|VerbForm=Fin,17476989,CHI
yyy,yyy,VERB,VERB,ROOT,Mood=Sub|Number=Sing|Person=3|Tense=Pres|VerbForm=Fin,17476989,CHI
.,.,PUNCT,PUNCT,punct,,17476989,CHI
tu,tu,PRON,PRON,nsubj,Number=Sing|Person=1,17477012,MOT
viens,venir,VERB,VERB,ROOT,Mood=Ind|Number=Sing|Person=1|Tense=Pres|VerbForm=Fin,17477012,MOT
?,?,PUNCT,PUNCT,punct,,17477012,MOT
oui,oui,NOUN,NOUN,nsubj,Gender=Masc|Number=Sing,17477020,MOT
tu,tu,PRON,PRON,nsubj,Number=Sing|Person=1,17477020,MOT
es,être,AUX,AUX,cop,Mood=Ind|Number=Plur|Person=3|Tense=Pres|VerbForm=Fin,17477020,MOT
grande,grand,ADJ,ADJ,ROOT,Gender=Fem|Number=Sing,17477020,MOT
!,!,PUNCT,PUNCT,punct,,17477020,MOT
tu,tu,PRON,PRON,nsubj,Number=Sing|Person=1,17477032,MOT
es,être,AUX,AUX,cop,Mood=Ind|Number=Plur|Person=3|Tense=Pres|VerbForm=Fin,17477032,MOT
une,un,DET,DET,det,Definite=Ind|Gender=Fem|Number=Sing|PronType=Art,17477032,MOT
grande,grand,ADJ,ADJ,amod,Gender=Fem|Number=Sing,17477032,MOT
hein,hein,NOUN,NOUN,ROOT,Gender=Fem|Number=Sing,17477032,MOT
.,.,PUNCT,PUNCT,punct,,17477032,MOT
www,www,PRON,PRON,ROOT,Number=Sing,17477039,CHI
.,.,PUNCT,PUNCT,punct,,17477039,CHI
oh,oh,DET,DET,nsubj,Number=Plur|Poss=Yes,17477048,MOT
pfff,pfff,VERB,VERB,acl,Mood=Ind|Number=Sing|Person=1|Tense=Pres|VerbForm=Fin,17477048,MOT
oh,oh,DET,DET,nsubj,Number=Plur|Poss=Yes,17477048,MOT
oui,oui,NOUN,NOUN,ROOT,Gender=Masc|Number=Sing,17477048,MOT
.,.,PUNCT,PUNCT,punct,,17477048,MOT
www,www,PRON,PRON,ROOT,Number=Sing,17477063,CHI
.,.,PUNCT,PUNCT,punct,,17477063,CHI
non,non,ADV,ADV,advmod,,17477071,MOT
tu,tu,PRON,PRON,nsubj,Number=Sing|Person=1,17477071,MOT
veux,vouloir,VERB,VERB,ROOT,Mood=Ind|Number=Sing|Person=1|Tense=Pres|VerbForm=Fin,17477071,MOT
pas,pas,ADV,ADV,advmod,Polarity=Neg,17477071,MOT
.,.,PUNCT,PUNCT,punct,,17477071,MOT
je,je,PRON,PRON,nsubj,Number=Sing|Person=1,17477078,MOT
sais,savoir,VERB,VERB,ROOT,Mood=Ind|Number=Sing|Person=1|Tense=Pres|VerbForm=Fin,17477078,MOT
pas,pas,ADV,ADV,advmod,Polarity=Neg,17477078,MOT
!,!,PUNCT,PUNCT,punct,,17477078,MOT
aller,aller,VERB,VERB,ROOT,VerbForm=Inf,17477094,MOT
viens,venir,VERB,VERB,xcomp,Gender=Masc|Number=Plur|Tense=Past|VerbForm=Part,17477094,MOT
je,je,PRON,PRON,nsubj,Number=Sing|Person=1,17477094,MOT
t',te,PRON,PRON,obj,Number=Sing|Person=1|Reflex=Yes,17477094,MOT
emmène,emmener,VERB,VERB,ccomp,Mood=Ind|Number=Sing|Person=1|Tense=Pres|VerbForm=Fin,17477094,MOT
.,.,PUNCT,PUNCT,punct,,17477094,MOT
oh,oh,PRON,PRON,ROOT,,17477108,MOT
qu',qu',PRON,PRON,acl:relcl,PronType=Rel,17477108,MOT
est,être,AUX,AUX,dep,Mood=Ind|Number=Sing|Person=3|Tense=Pres|VerbForm=Fin,17477108,MOT
-ce,-ce,PRON,PRON,dep,Number=Sing|Person=3,17477108,MOT
qu',que,SCONJ,SCONJ,mark,,17477108,MOT
il,il,PRON,PRON,expl:subj,Number=Sing|Person=3,17477108,MOT
y,y,PRON,PRON,expl:comp,Person=3,17477108,MOT
a,avoir,VERB,VERB,acl:relcl,Mood=Ind|Number=Sing|Person=3|Tense=Pres|VerbForm=Fin,17477108,MOT
là,là,ADV,ADV,advmod,,17477108,MOT
-,-,NOUN,NOUN,advmod,Gender=Masc|Number=Sing,17477108,MOT
bas,bas,NOUN,NOUN,advmod,Gender=Masc|Number=Sing,17477108,MOT
.,.,PUNCT,PUNCT,punct,,17477108,MOT
qu',que,SCONJ,SCONJ,mark,,17477119,MOT
est,être,AUX,AUX,cop,Mood=Ind|Number=Sing|Person=3|Tense=Pres|VerbForm=Fin,17477119,MOT
ce,ce,PRON,PRON,ROOT,,17477119,MOT
que,que,PRON,PRON,obj,PronType=Rel,17477119,MOT
c',ce,PRON,PRON,expl:subj,Number=Sing|Person=3,17477119,MOT
est,être,AUX,AUX,cop,Mood=Ind|Number=Sing|Person=3|Tense=Pres|VerbForm=Fin,17477119,MOT
que,que,SCONJ,SCONJ,mark,,17477119,MOT
ça,cela,PRON,PRON,acl:relcl,Gender=Masc|Number=Sing|Person=3|PronType=Dem,17477119,MOT
?,?,PUNCT,PUNCT,punct,,17477119,MOT
oh,oh,DET,DET,det,Gender=Fem|Number=Sing|Poss=Yes,17477133,MOT
attention,attention,NOUN,NOUN,nsubj,Gender=Fem|Number=Sing,17477133,MOT
reste,reste,VERB,VERB,ROOT,Mood=Ind|Number=Sing|Person=3|Tense=Pres|VerbForm=Fin,17477133,MOT
par,par,ADP,ADP,case,,17477133,MOT
là,là,NOUN,NOUN,obl:arg,Gender=Masc|Number=Sing,17477133,MOT
!,!,PUNCT,PUNCT,punct,,17477133,MOT
laisse,laisse,VERB,VERB,ROOT,Mood=Ind|Number=Sing|Person=3|Tense=Pres|VerbForm=Fin,17477139,MOT
cette,ce,DET,DET,det,Gender=Fem|Number=Sing|PronType=Dem,17477139,MOT
chaise,chaise,NOUN,NOUN,obj,Gender=Fem|Number=Sing,17477139,MOT
!,!,PUNCT,PUNCT,punct,,17477139,MOT
www,www,PRON,PRON,ROOT,Number=Sing,17477151,CHI
.,.,PUNCT,PUNCT,punct,,17477151,CHI
yyy,yyy,VERB,VERB,ROOT,Mood=Sub|Number=Sing|Person=3|Tense=Pres|VerbForm=Fin,17477162,CHI
.,.,PUNCT,PUNCT,punct,,17477162,CHI
viens,venir,VERB,VERB,ROOT,Mood=Ind|Number=Sing|Person=1|Tense=Pres|VerbForm=Fin,17477172,MOT
voir,voir,VERB,VERB,xcomp,VerbForm=Inf,17477172,MOT
.,.,PUNCT,PUNCT,punct,,17477172,MOT
yyy,yyy,AUX,AUX,expl:pass,Mood=Sub|Number=Sing|Person=3|Tense=Pres|VerbForm=Fin,17477181,CHI
yyy,yyy,VERB,VERB,ROOT,Mood=Sub|Number=Sing|Person=3|Tense=Pres|VerbForm=Fin,17477181,CHI
.,.,PUNCT,PUNCT,punct,,17477181,CHI
yyy,yyy,VERB,VERB,ROOT,Mood=Sub|Number=Sing|Person=3|Tense=Pres|VerbForm=Fin,17477190,CHI
.,.,PUNCT,PUNCT,punct,,17477190,CHI
oh,oh,PRON,PRON,ROOT,Number=Sing|Person=1,17477198,MOT
mais,mais,CCONJ,CCONJ,cc,,17477198,MOT
tu,tu,PRON,PRON,nsubj,Number=Sing|Person=1,17477198,MOT
l',l',PRON,PRON,obj,Number=Sing|Person=3,17477198,MOT
as,avoir,AUX,AUX,aux:tense,Mood=Ind|Number=Sing|Person=3|Tense=Pres|VerbForm=Fin,17477198,MOT
démontée,démonter,VERB,VERB,conj,Gender=Fem|Number=Sing|Tense=Past|VerbForm=Part,17477198,MOT
la,le,DET,DET,det,Definite=Def|Gender=Fem|Number=Sing|PronType=Art,17477198,MOT
maison,maison,NOUN,NOUN,obj,Gender=Fem|Number=Sing,17477198,MOT
.,.,PUNCT,PUNCT,punct,,17477198,MOT
tu,tu,PRON,PRON,nsubj,Number=Sing|Person=1,17477203,MOT
as,avoir,AUX,AUX,aux:tense,Mood=Ind|Number=Sing|Person=1|Tense=Pres|VerbForm=Fin,17477203,MOT
tout,tout,ADV,ADV,advmod,,17477203,MOT
démonté,démonter,VERB,VERB,ROOT,Gender=Masc|Number=Sing|Tense=Past|VerbForm=Part,17477203,MOT
hein,hein,NOUN,NOUN,obj,Gender=Fem|Number=Sing,17477203,MOT
!,!,PUNCT,PUNCT,punct,,17477203,MOT
destructrice,destructeur,NOUN,NOUN,ROOT,Gender=Fem|Number=Sing,17477211,MOT
!,!,PUNCT,PUNCT,punct,,17477211,MOT
xxx,xxx,VERB,VERB,ROOT,VerbForm=Inf,17477218,MOT
la,le,DET,DET,det,Definite=Def|Gender=Fem|Number=Sing|PronType=Art,17477218,MOT
maison,maison,NOUN,NOUN,obj,Gender=Fem|Number=Sing,17477218,MOT
!,!,PUNCT,PUNCT,ROOT,,17477218,MOT
le,le,DET,DET,det,Definite=Def|Gender=Masc|Number=Sing|PronType=Art,17477226,MOT
cheval,cheval,NOUN,NOUN,ROOT,Gender=Masc|Number=Sing,17477226,MOT
l',le,DET,DET,det,Definite=Def|Number=Sing|PronType=Art,17477226,MOT
arbre,arbre,NOUN,NOUN,appos,Gender=Masc|Number=Sing,17477226,MOT
.,.,PUNCT,PUNCT,ROOT,,17477226,MOT
on,on,PRON,PRON,nsubj,Number=Sing|Person=3,17477235,MOT
met,mettre,VERB,VERB,ROOT,Mood=Ind|Number=Sing|Person=3|Tense=Pres|VerbForm=Fin,17477235,MOT
le,le,DET,DET,det,Definite=Def|Gender=Masc|Number=Sing|PronType=Art,17477235,MOT
toit,toit,NOUN,NOUN,obj,Gender=Masc|Number=Sing,17477235,MOT
?,?,PUNCT,PUNCT,punct,,17477235,MOT
aller,aller,VERB,VERB,ROOT,VerbForm=Inf,17477246,MOT
on,on,PRON,PRON,nsubj,Number=Sing|Person=3,17477246,MOT
va,aller,VERB,VERB,nmod,Mood=Ind|Number=Sing|Person=3|Tense=Pres|VerbForm=Fin,17477246,MOT
mettre,mettre,VERB,VERB,xcomp,VerbForm=Inf,17477246,MOT
le,le,DET,DET,det,Definite=Def|Gender=Masc|Number=Sing|PronType=Art,17477246,MOT
toit,toit,NOUN,NOUN,obj,Gender=Masc|Number=Sing,17477246,MOT
si,si,SCONJ,SCONJ,mark,,17477246,MOT
il,il,PRON,PRON,nsubj,Gender=Masc|Number=Sing|Person=3,17477246,MOT
tient,tenir,VERB,VERB,advcl,Mood=Ind|Number=Sing|Person=3|Tense=Pres|VerbForm=Fin,17477246,MOT
encore,encore,ADV,ADV,advmod,,17477246,MOT
.,.,PUNCT,PUNCT,punct,,17477246,MOT
xxx,xxx,ADJ,ADJ,ROOT,Number=Sing,17477256,MOT
.,.,PUNCT,PUNCT,ROOT,,17477256,MOT
aller,aller,VERB,VERB,ROOT,VerbForm=Inf,17477266,MOT
.,.,PUNCT,PUNCT,punct,,17477266,MOT
assieds,asseoir,VERB,VERB,ROOT,Mood=Ind|Number=Sing|Person=3|Tense=Pres|VerbForm=Fin,17477276,MOT
toi,toi,PRON,PRON,obj,Number=Sing|Person=1,17477276,MOT
petite,petit,ADJ,ADJ,xcomp,Gender=Fem|Number=Sing,17477276,MOT
.,.,PUNCT,PUNCT,punct,,17477276,MOT
tu,tu,PRON,PRON,nsubj,Number=Sing|Person=1,17477286,MOT
vas,aller,VERB,VERB,ROOT,Mood=Ind|Number=Sing|Person=3|Tense=Pres|VerbForm=Fin,17477286,MOT
où,où,PRON,PRON,obj,,17477286,MOT
?,?,PUNCT,PUNCT,punct,,17477286,MOT
ah,ah,AUX,AUX,expl:subj,Mood=Ind|Number=Sing|Person=3|Tense=Pres|VerbForm=Fin,17477295,MOT
c',ce,PRON,PRON,expl:subj,Number=Sing|Person=3,17477295,MOT
est,être,AUX,AUX,cop,Mood=Ind|Number=Sing|Person=3|Tense=Pres|VerbForm=Fin,17477295,MOT
sur,sur,ADP,ADP,case,,17477295,MOT
moi,moi,PRON,PRON,ROOT,Number=Sing|Person=1|PronType=Prs,17477295,MOT
!,!,PUNCT,PUNCT,punct,,17477295,MOT
ah,ah,CCONJ,CCONJ,ROOT,,17477306,CHI
.,.,PUNCT,PUNCT,punct,,17477306,CHI
yyy,yyy,VERB,VERB,ROOT,Mood=Sub|Number=Sing|Person=3|Tense=Pres|VerbForm=Fin,17477316,CHI
.,.,PUNCT,PUNCT,punct,,17477316,CHI
www,www,PRON,PRON,ROOT,Number=Sing,17477323,CHI
.,.,PUNCT,PUNCT,punct,,17477323,CHI
www,www,PRON,PRON,ROOT,Number=Sing,17477337,MOT
.,.,PUNCT,PUNCT,punct,,17477337,MOT
hoplà,hoplà,NOUN,NOUN,ROOT,Gender=Fem|Number=Sing,17477343,MOT
.,.,PUNCT,PUNCT,ROOT,,17477343,MOT
yyy,yyy,VERB,VERB,ROOT,Mood=Sub|Number=Sing|Person=3|Tense=Pres|VerbForm=Fin,17477350,CHI
.,.,PUNCT,PUNCT,punct,,17477350,CHI
mais,mais,CCONJ,CCONJ,ROOT,,17477360,MOT
!,!,PUNCT,PUNCT,punct,,17477360,MOT
regarde,regarde,VERB,VERB,ROOT,Mood=Ind|Number=Sing|Person=3|Tense=Pres|VerbForm=Fin,17477368,MOT
celui,celui,PRON,PRON,obj,Gender=Masc|Number=Sing|PronType=Dem,17477368,MOT
-là,-là,PRON,PRON,nsubj,PronType=Rel,17477368,MOT
tiens,tenir,VERB,VERB,acl:relcl,Mood=Ind|Number=Sing|Person=3|Tense=Pres|VerbForm=Fin,17477368,MOT
.,.,PUNCT,PUNCT,punct,,17477368,MOT
et,et,CCONJ,CCONJ,cc,,17477376,MOT
l',le,DET,DET,det,Definite=Def|Number=Sing|PronType=Art,17477376,MOT
autre,autre,PRON,PRON,ROOT,Number=Sing,17477376,MOT
je,je,PRON,PRON,nsubj,Number=Sing|Person=1,17477376,MOT
sais,savoir,VERB,VERB,ROOT,Mood=Ind|Number=Sing|Person=1|Tense=Pres|VerbForm=Fin,17477376,MOT
pas,pas,ADV,ADV,advmod,Polarity=Neg,17477376,MOT
où,où,PRON,PRON,iobj,PronType=Rel,17477376,MOT
elle,lui,PRON,PRON,nsubj,Gender=Fem|Number=Sing|Person=3,17477376,MOT
est,être,VERB,VERB,ccomp,Mood=Ind|Number=Sing|Person=3|Tense=Pres|VerbForm=Fin,17477376,MOT
.,.,PUNCT,PUNCT,punct,,17477376,MOT
oh,oh,PRON,PRON,nsubj,Number=Sing|Person=3,17477385,MOT
elle,lui,PRON,PRON,nsubj,Gender=Fem|Number=Sing|Person=3,17477385,MOT
est,être,AUX,AUX,cop,Mood=Ind|Number=Sing|Person=3|Tense=Pres|VerbForm=Fin,17477385,MOT
là,là,ADV,ADV,ROOT,,17477385,MOT
!,!,PUNCT,PUNCT,punct,,17477385,MOT
mhm,mhm,ADJ,ADJ,ROOT,,17477398,MOT
cachée,cacher,VERB,VERB,acl,Gender=Fem|Number=Sing|Tense=Past|VerbForm=Part,17477398,MOT
!,!,PUNCT,PUNCT,punct,,17477398,MOT
yyy,yyy,AUX,AUX,expl:pass,Mood=Sub|Number=Sing|Person=3|Tense=Pres|VerbForm=Fin,17477413,CHI
yyy,yyy,VERB,VERB,ROOT,Mood=Sub|Number=Sing|Person=3|Tense=Pres|VerbForm=Fin,17477413,CHI
.,.,PUNCT,PUNCT,punct,,17477413,CHI
yyy,yyy,VERB,VERB,ROOT,Mood=Sub|Number=Sing|Person=3|Tense=Pres|VerbForm=Fin,17477422,CHI
xxx,xxx,ADJ,ADJ,dep,Gender=Masc|Number=Sing,17477422,CHI
.,.,PUNCT,PUNCT,punct,,17477422,CHI
hoplà,hoplà,NOUN,NOUN,ROOT,Gender=Fem|Number=Sing,17477431,MOT
!,!,PUNCT,PUNCT,punct,,17477431,MOT
hop,hop,X,X,ROOT,,17477444,MOT
.,.,PUNCT,PUNCT,punct,,17477444,MOT
yyy,yyy,VERB,VERB,ROOT,Mood=Sub|Number=Sing|Person=3|Tense=Pres|VerbForm=Fin,17477454,CHI
.,.,PUNCT,PUNCT,punct,,17477454,CHI
yyy,yyy,VERB,VERB,ROOT,Mood=Sub|Number=Sing|Person=3|Tense=Pres|VerbForm=Fin,17477463,CHI
.,.,PUNCT,PUNCT,punct,,17477463,CHI
hop,hop,X,X,ROOT,,17477471,MOT
!,!,PUNCT,PUNCT,punct,,17477471,MOT
non,non,ADV,ADV,advmod,,17477479,MOT
non,non,ADV,ADV,fixed,,17477479,MOT
!,!,PUNCT,PUNCT,ROOT,,17477479,MOT
yyy,yyy,VERB,VERB,ROOT,Mood=Sub|Number=Sing|Person=3|Tense=Pres|VerbForm=Fin,17477488,CHI
.,.,PUNCT,PUNCT,punct,,17477488,CHI
yyy,yyy,VERB,VERB,ROOT,Mood=Sub|Number=Sing|Person=3|Tense=Pres|VerbForm=Fin,17477497,CHI
.,.,PUNCT,PUNCT,punct,,17477497,CHI
tiens,tenir,VERB,VERB,ROOT,Mood=Ind|Number=Sing|Person=3|Tense=Pres|VerbForm=Fin,17477503,MOT
!,!,PUNCT,PUNCT,punct,,17477503,MOT
yyy,yyy,VERB,VERB,ROOT,Mood=Sub|Number=Sing|Person=3|Tense=Pres|VerbForm=Fin,17477511,CHI
.,.,PUNCT,PUNCT,punct,,17477511,CHI
hop,hop,X,X,ROOT,,17477522,MOT
.,.,PUNCT,PUNCT,punct,,17477522,MOT
oh,oh,PRON,PRON,ROOT,Number=Sing|Person=1,17477532,MOT
où,où,PRON,PRON,iobj,PronType=Rel,17477532,MOT
elle,lui,PRON,PRON,nsubj,Gender=Fem|Number=Sing|Person=3,17477532,MOT
est,être,VERB,VERB,acl:relcl,Mood=Ind|Number=Sing|Person=3|Tense=Pres|VerbForm=Fin,17477532,MOT
?,?,PUNCT,PUNCT,punct,,17477532,MOT
yyy,yyy,VERB,VERB,ROOT,Mood=Sub|Number=Sing|Person=3|Tense=Pres|VerbForm=Fin,17477538,CHI
.,.,PUNCT,PUNCT,punct,,17477538,CHI
tu,tu,PRON,PRON,nsubj,Number=Sing|Person=1,17477553,MOT
fais,faire,VERB,VERB,ROOT,Mood=Ind|Number=Sing|Person=1|Tense=Pres|VerbForm=Fin,17477553,MOT
les,le,DET,DET,det,Definite=Def|Number=Plur|PronType=Art,17477553,MOT
marionnettes,marionnette,NOUN,NOUN,obj,Gender=Fem|Number=Plur,17477553,MOT
?,?,PUNCT,PUNCT,punct,,17477553,MOT
yyy,yyy,VERB,VERB,ROOT,Mood=Sub|Number=Sing|Person=3|Tense=Pres|VerbForm=Fin,17477565,CHI
.,.,PUNCT,PUNCT,punct,,17477565,CHI
mhm,mhm,ADJ,ADJ,ROOT,Number=Plur,17477576,MOT
.,.,PUNCT,PUNCT,punct,,17477576,MOT
ah,ah,CCONJ,CCONJ,ROOT,,17477585,MOT
!,!,PUNCT,PUNCT,punct,,17477585,MOT
éh,éh,PRON,PRON,ROOT,Number=Sing|Person=3,17477595,CHI
.,.,PUNCT,PUNCT,punct,,17477595,CHI
www,www,PRON,PRON,ROOT,Number=Sing,17477607,CHI
.,.,PUNCT,PUNCT,punct,,17477607,CHI
ben,ben,X,X,punct,,17477613,MOT
il,il,PRON,PRON,expl:subj,Gender=Masc|Number=Sing|Person=3,17477613,MOT
est,être,VERB,VERB,ROOT,Mood=Ind|Number=Sing|Person=3|Tense=Pres|VerbForm=Fin,17477613,MOT
!,!,PUNCT,PUNCT,punct,,17477613,MOT
il,il,PRON,PRON,nsubj,Gender=Masc|Number=Sing|Person=3,17477621,MOT
est,être,AUX,AUX,ROOT,Mood=Ind|Number=Sing|Person=3|Tense=Pres|VerbForm=Fin,17477621,MOT
là,là,ADV,ADV,obl:arg,,17477621,MOT
et,et,CCONJ,CCONJ,cc,,17477621,MOT
alors,alors,ADV,ADV,conj,,17477621,MOT
?,?,PUNCT,PUNCT,punct,,17477621,MOT
ah,ah,PRON,PRON,nsubj,PronType=Rel,17477631,MOT
c',ce,PRON,PRON,nsubj,Number=Sing|Person=3,17477631,MOT
est,être,AUX,AUX,cop,Mood=Ind|Number=Sing|Person=3|Tense=Pres|VerbForm=Fin,17477631,MOT
ton,ton,DET,DET,det,Number=Sing|Poss=Yes,17477631,MOT
pied,pied,NOUN,NOUN,ROOT,Gender=Masc|Number=Sing,17477631,MOT
qui,qui,PRON,PRON,nsubj,PronType=Rel,17477631,MOT
bloque,bloque,VERB,VERB,acl:relcl,Mood=Ind|Number=Sing|Person=3|Tense=Pres|VerbForm=Fin,17477631,MOT
!,!,PUNCT,PUNCT,punct,,17477631,MOT
voilà,voilà,VERB,VERB,ROOT,VerbForm=Inf,17477641,MOT
!,!,PUNCT,PUNCT,punct,,17477641,MOT
et,et,CCONJ,CCONJ,cc,,17477651,MOT
l',le,DET,DET,det,Definite=Def|Number=Sing|PronType=Art,17477651,MOT
autre,autre,PRON,PRON,ROOT,Number=Sing,17477651,MOT
?,?,PUNCT,PUNCT,punct,,17477651,MOT
il,il,PRON,PRON,nsubj,Gender=Masc|Number=Sing|Person=3,17477670,MOT
doit,devoir,VERB,VERB,ROOT,Mood=Ind|Number=Sing|Person=3|Tense=Pres|VerbForm=Fin,17477670,MOT
être,être,AUX,AUX,cop,VerbForm=Inf,17477670,MOT
dessous,dessous,NOUN,NOUN,xcomp,Gender=Masc|Number=Sing,17477670,MOT
!,!,PUNCT,PUNCT,punct,,17477670,MOT
vasy,vasy,ADJ,ADJ,ROOT,Gender=Masc|Number=Sing,17477684,MOT
!,!,PUNCT,PUNCT,punct,,17477684,MOT
et,et,CCONJ,CCONJ,cc,,17477697,MOT
voilà,voilà,VERB,VERB,ROOT,Tense=Pres|VerbForm=Part,17477697,MOT
xxx,xxx,VERB,VERB,obj,VerbForm=Inf,17477697,MOT
!,!,PUNCT,PUNCT,punct,,17477697,MOT
on,on,PRON,PRON,nsubj,Number=Sing|Person=3,17477709,MOT
met,mettre,VERB,VERB,ROOT,Mood=Ind|Number=Sing|Person=3|Tense=Pres|VerbForm=Fin,17477709,MOT
là,là,ADV,ADV,obl:arg,,17477709,MOT
?,?,PUNCT,PUNCT,punct,,17477709,MOT
hm,hm,NOUN,NOUN,ROOT,Gender=Masc,17477722,CHI
.,.,PUNCT,PUNCT,punct,,17477722,CHI
yyy,yyy,VERB,VERB,ROOT,Mood=Sub|Number=Sing|Person=3|Tense=Pres|VerbForm=Fin,17477730,CHI
.,.,PUNCT,PUNCT,punct,,17477730,CHI
oh,oh,PRON,PRON,ROOT,Number=Sing|Person=1,17477743,MOT
!,!,PUNCT,PUNCT,punct,,17477743,MOT
xxx,xx,NOUN,NOUN,ROOT,Number=Sing,17477748,MOT
ton,ton,DET,DET,det,Number=Sing|Poss=Yes,17477748,MOT
pied,pied,NOUN,NOUN,obj,Gender=Masc|Number=Sing,17477748,MOT
!,!,PUNCT,PUNCT,ROOT,,17477748,MOT
yyy,yyy,VERB,VERB,ROOT,Mood=Sub|Number=Sing|Person=3|Tense=Pres|VerbForm=Fin,17477754,CHI
.,.,PUNCT,PUNCT,punct,,17477754,CHI
xxx,xxx,ADJ,ADJ,ROOT,Number=Sing,17477768,CHI
.,.,PUNCT,PUNCT,ROOT,,17477768,CHI
yyy,yyy,VERB,VERB,ROOT,Mood=Sub|Number=Sing|Person=3|Tense=Pres|VerbForm=Fin,17477778,CHI
.,.,PUNCT,PUNCT,punct,,17477778,CHI
yyy,yyy,VERB,VERB,ROOT,Mood=Sub|Number=Sing|Person=3|Tense=Pres|VerbForm=Fin,17477785,CHI
.,.,PUNCT,PUNCT,punct,,17477785,CHI
hoplà,hoplà,NOUN,NOUN,ROOT,Gender=Fem|Number=Sing,17477799,MOT
.,.,PUNCT,PUNCT,ROOT,,17477799,MOT
non,non,ADV,ADV,advmod,,17477813,MOT
non,non,ADV,ADV,fixed,,17477813,MOT
.,.,PUNCT,PUNCT,ROOT,,17477813,MOT
www,www,PRON,PRON,ROOT,Number=Sing,17477822,CHI
.,.,PUNCT,PUNCT,punct,,17477822,CHI
tiens,tenir,VERB,VERB,ROOT,Mood=Ind|Number=Sing|Person=3|Tense=Pres|VerbForm=Fin,17477838,MOT
!,!,PUNCT,PUNCT,punct,,17477838,MOT
www,www,PRON,PRON,ROOT,Number=Sing,17477845,CHI
.,.,PUNCT,PUNCT,punct,,17477845,CHI
yyy,yyy,VERB,VERB,ROOT,Mood=Sub|Number=Sing|Person=3|Tense=Pres|VerbForm=Fin,17477869,CHI
.,.,PUNCT,PUNCT,punct,,17477869,CHI
yyy,yyy,VERB,VERB,ROOT,Mood=Sub|Number=Sing|Person=3|Tense=Pres|VerbForm=Fin,17477886,CHI
.,.,PUNCT,PUNCT,punct,,17477886,CHI
yyy,yyy,VERB,VERB,ROOT,Mood=Sub|Number=Sing|Person=3|Tense=Pres|VerbForm=Fin,17477907,CHI
.,.,PUNCT,PUNCT,punct,,17477907,CHI
yyy,yyy,VERB,VERB,ROOT,Mood=Sub|Number=Sing|Person=3|Tense=Pres|VerbForm=Fin,17477915,CHI
.,.,PUNCT,PUNCT,punct,,17477915,CHI
oh,oh,PRON,PRON,nsubj,Number=Sing|Person=1,17477926,MOT
elles,lui,PRON,PRON,nsubj,Gender=Fem|Number=Plur|Person=3,17477926,MOT
sont,être,AUX,AUX,ROOT,Mood=Ind|Number=Plur|Person=3|Tense=Pres|VerbForm=Fin,17477926,MOT
où,où,PRON,PRON,dep,,17477926,MOT
?,?,PUNCT,PUNCT,punct,,17477926,MOT
voilà,voilà,VERB,VERB,ROOT,Tense=Pres|VerbForm=Part,17477939,MOT
elle,lui,PRON,PRON,nsubj,Gender=Fem|Number=Sing|Person=3,17477939,MOT
est,être,AUX,AUX,cop,Mood=Ind|Number=Sing|Person=3|Tense=Pres|VerbForm=Fin,17477939,MOT
partie,partie,NOUN,NOUN,obj,Gender=Fem|Number=Sing,17477939,MOT
!,!,PUNCT,PUNCT,punct,,17477939,MOT
elle,lui,PRON,PRON,nsubj,Gender=Fem|Number=Sing|Person=3,17477949,MOT
est,être,AUX,AUX,cop,Mood=Ind|Number=Sing|Person=3|Tense=Pres|VerbForm=Fin,17477949,MOT
partie,partir,VERB,VERB,advmod,Gender=Fem|Number=Sing|Tense=Past|VerbForm=Part,17477949,MOT
la,le,DET,DET,det,Definite=Def|Gender=Fem|Number=Sing|PronType=Art,17477949,MOT
balle,balle,NOUN,NOUN,ROOT,Gender=Fem|Number=Sing,17477949,MOT
.,.,PUNCT,PUNCT,punct,,17477949,MOT
tu,tu,PRON,PRON,nsubj,Number=Sing|Person=1,17477961,MOT
as,avoir,AUX,AUX,aux:tense,Mood=Ind|Number=Sing|Person=1|Tense=Pres|VerbForm=Fin,17477961,MOT
vu,voir,VERB,VERB,ROOT,Gender=Masc|Number=Sing|Tense=Past|VerbForm=Part,17477961,MOT
?,?,PUNCT,PUNCT,punct,,17477961,MOT
hoplà,hoplà,NOUN,NOUN,ROOT,Gender=Fem|Number=Sing,17477973,INV
.,.,PUNCT,PUNCT,ROOT,,17477973,INV
regarde,regarde,VERB,VERB,ROOT,Gender=Masc|Number=Sing|Tense=Past|VerbForm=Part|Voice=Pass,17477984,MOT
.,.,PUNCT,PUNCT,punct,,17477984,MOT
oh,oh,PRON,PRON,nsubj,Number=Sing|Person=3,17477997,INV
elle,lui,PRON,PRON,nsubj,Gender=Fem|Number=Sing|Person=3,17477997,INV
revient,revenir,VERB,VERB,ROOT,Mood=Ind|Number=Sing|Person=3|Tense=Pres|VerbForm=Fin,17477997,INV
.,.,PUNCT,PUNCT,punct,,17477997,INV
merci,merci,NOUN,NOUN,ROOT,Gender=Masc|Number=Sing,17478010,MOT
!,!,PUNCT,PUNCT,punct,,17478010,MOT
tiens,tenir,VERB,VERB,ROOT,Mood=Ind|Number=Sing|Person=3|Tense=Pres|VerbForm=Fin,17478021,MOT
pitchoune,pitchoun,ADJ,ADJ,amod,,17478021,MOT
.,.,PUNCT,PUNCT,punct,,17478021,MOT
non,non,ADV,ADV,advmod,,17478042,MOT
non,non,ADV,ADV,ROOT,,17478042,MOT
non,non,ADV,ADV,fixed,,17478042,MOT
!,!,PUNCT,PUNCT,ROOT,,17478042,MOT
www,www,PRON,PRON,ROOT,Number=Sing,17478054,CHI
.,.,PUNCT,PUNCT,punct,,17478054,CHI
tiens,tenir,VERB,VERB,ROOT,Mood=Ind|Number=Sing|Person=3|Tense=Pres|VerbForm=Fin,17478064,MOT
!,!,PUNCT,PUNCT,punct,,17478064,MOT
yyy,yyy,AUX,AUX,expl:pass,Mood=Sub|Number=Sing|Person=3|Tense=Pres|VerbForm=Fin,17478070,CHI
yyy,yyy,VERB,VERB,ROOT,Mood=Sub|Number=Sing|Person=3|Tense=Pres|VerbForm=Fin,17478070,CHI
.,.,PUNCT,PUNCT,punct,,17478070,CHI
www,www,PRON,PRON,ROOT,Number=Sing,17478084,MOT
.,.,PUNCT,PUNCT,punct,,17478084,MOT
www,www,PRON,PRON,ROOT,Number=Sing,17478102,CHI
.,.,PUNCT,PUNCT,punct,,17478102,CHI
tu,tu,PRON,PRON,nsubj,Number=Sing|Person=1,17478109,INV
sais,savoir,VERB,VERB,ROOT,Mood=Ind|Number=Sing|Person=1|Tense=Pres|VerbForm=Fin,17478109,INV
jouer,jouer,VERB,VERB,xcomp,VerbForm=Inf,17478109,INV
aux,à,ADP,ADP,case,Definite=Def|Number=Plur|PronType=Art,17478109,INV
boules,boule,NOUN,NOUN,obl:arg,Gender=Fem|Number=Plur,17478109,INV
?,?,PUNCT,PUNCT,punct,,17478109,INV
www,www,PRON,PRON,ROOT,Number=Sing,17478120,CHI
.,.,PUNCT,PUNCT,punct,,17478120,CHI
ah,ah,CCONJ,CCONJ,ROOT,,17478131,CHI
.,.,PUNCT,PUNCT,punct,,17478131,CHI
yyy,yyy,VERB,VERB,ROOT,Mood=Sub|Number=Sing|Person=3|Tense=Pres|VerbForm=Fin,17478139,CHI
ah,ah,CCONJ,CCONJ,obj,,17478139,CHI
.,.,PUNCT,PUNCT,punct,,17478139,CHI
ah,ah,CCONJ,CCONJ,ROOT,,17478148,CHI
.,.,PUNCT,PUNCT,punct,,17478148,CHI
ah,ah,CCONJ,CCONJ,ROOT,,17478160,MOT
!,!,PUNCT,PUNCT,punct,,17478160,MOT
www,www,PRON,PRON,ROOT,Number=Sing,17478177,CHI
.,.,PUNCT,PUNCT,punct,,17478177,CHI
tiens,tenir,VERB,VERB,ROOT,Mood=Ind|Number=Sing|Person=3|Tense=Pres|VerbForm=Fin,17478190,MOT
!,!,PUNCT,PUNCT,punct,,17478190,MOT
non,non,ADV,ADV,ROOT,,17478200,MOT
!,!,PUNCT,PUNCT,punct,,17478200,MOT
tu,tu,PRON,PRON,nsubj,Number=Sing|Person=1,17478213,MOT
prends,prendre,VERB,VERB,ROOT,Mood=Ind|Number=Sing|Person=1|Tense=Pres|VerbForm=Fin,17478213,MOT
?,?,PUNCT,PUNCT,punct,,17478213,MOT
tu,tu,PRON,PRON,nsubj,Number=Sing|Person=1,17478224,MOT
les,le,DET,DET,det,Definite=Def|Number=Plur|PronType=Art,17478224,MOT
ranges,range,NOUN,NOUN,ROOT,Number=Plur,17478224,MOT
?,?,PUNCT,PUNCT,punct,,17478224,MOT
tiens,tenir,VERB,VERB,ROOT,Mood=Ind|Number=Sing|Person=3|Tense=Pres|VerbForm=Fin,17478238,CHI
!,!,PUNCT,PUNCT,punct,,17478238,CHI
donne,donne,VERB,VERB,ROOT,Mood=Ind|Number=Sing|Person=3|Tense=Pres|VerbForm=Fin,17478252,MOT
.,.,PUNCT,PUNCT,punct,,17478252,MOT
non,non,ADV,ADV,ROOT,,17478264,MOT
!,!,PUNCT,PUNCT,punct,,17478264,MOT
donne,donne,VERB,VERB,ROOT,Mood=Ind|Number=Sing|Person=3|Tense=Pres|VerbForm=Fin,17478282,MOT
!,!,PUNCT,PUNCT,punct,,17478282,MOT
yyy,yyy,VERB,VERB,ROOT,Mood=Sub|Number=Sing|Person=3|Tense=Pres|VerbForm=Fin,17478294,CHI
.,.,PUNCT,PUNCT,punct,,17478294,CHI
www,www,PRON,PRON,ROOT,Number=Sing,17478305,CHI
.,.,PUNCT,PUNCT,punct,,17478305,CHI
hop,hop,X,X,ROOT,,17478315,MOT
.,.,PUNCT,PUNCT,punct,,17478315,MOT
yyy,yyy,AUX,AUX,expl:pass,Mood=Sub|Number=Sing|Person=3|Tense=Pres|VerbForm=Fin,17478327,CHI
yyy,yyy,VERB,VERB,ROOT,Mood=Sub|Number=Sing|Person=3|Tense=Pres|VerbForm=Fin,17478327,CHI
.,.,PUNCT,PUNCT,punct,,17478327,CHI
www,www,PRON,PRON,ROOT,Number=Sing,17478343,CHI
.,.,PUNCT,PUNCT,punct,,17478343,CHI
yyy,yyy,VERB,VERB,ROOT,Mood=Sub|Number=Sing|Person=3|Tense=Pres|VerbForm=Fin,17478352,CHI
.,.,PUNCT,PUNCT,punct,,17478352,CHI
yyy,yyy,VERB,VERB,ROOT,Mood=Sub|Number=Sing|Person=3|Tense=Pres|VerbForm=Fin,17478367,CHI
.,.,PUNCT,PUNCT,punct,,17478367,CHI
yyy,yyy,VERB,VERB,ROOT,Mood=Sub|Number=Sing|Person=3|Tense=Pres|VerbForm=Fin,17478377,CHI
.,.,PUNCT,PUNCT,punct,,17478377,CHI
yyy,yyy,VERB,VERB,ROOT,Mood=Sub|Number=Sing|Person=3|Tense=Pres|VerbForm=Fin,17478389,CHI
.,.,PUNCT,PUNCT,punct,,17478389,CHI
tu,tu,PRON,PRON,nsubj,Number=Sing|Person=1,17478405,MOT
veux,vouloir,VERB,VERB,ROOT,Mood=Ind|Number=Sing|Person=3|Tense=Pres|VerbForm=Fin,17478405,MOT
un,un,DET,DET,det,Definite=Ind|Gender=Masc|Number=Sing|PronType=Art,17478405,MOT
cube,cube,NOUN,NOUN,obj,Gender=Masc|Number=Sing,17478405,MOT
?,?,PUNCT,PUNCT,punct,,17478405,MOT
tiens,tenir,VERB,VERB,ROOT,Mood=Ind|Number=Sing|Person=3|Tense=Pres|VerbForm=Fin,17478420,MOT
!,!,PUNCT,PUNCT,punct,,17478420,MOT
je,je,PRON,PRON,nsubj,Number=Sing|Person=1,17478434,MOT
sais,savoir,VERB,VERB,ROOT,Mood=Ind|Number=Sing|Person=1|Tense=Pres|VerbForm=Fin,17478434,MOT
pas,pas,ADV,ADV,advmod,Polarity=Neg,17478434,MOT
si,si,SCONJ,SCONJ,mark,,17478434,MOT
ils,il,PRON,PRON,nsubj,Gender=Masc|Number=Plur|Person=3,17478434,MOT
www,www,AUX,AUX,ccomp,Mood=Sub|Number=Plur|Person=2|Tense=Pres|VerbForm=Fin,17478434,MOT
y,y,PRON,PRON,expl:comp,Person=3,17478434,MOT
sont,être,AUX,AUX,cop,Mood=Ind|Number=Plur|Person=3|Tense=Pres|VerbForm=Fin,17478434,MOT
tous,tout,ADJ,ADJ,amod,Gender=Masc|Number=Plur,17478434,MOT
hein,hein,NOUN,NOUN,xcomp,Gender=Masc|Number=Plur,17478434,MOT
!,!,PUNCT,PUNCT,punct,,17478434,MOT
yyy,yyy,VERB,VERB,ROOT,Mood=Sub|Number=Sing|Person=3|Tense=Pres|VerbForm=Fin,17478447,CHI
.,.,PUNCT,PUNCT,punct,,17478447,CHI
yyy,yyy,VERB,VERB,ROOT,Mood=Sub|Number=Sing|Person=3|Tense=Pres|VerbForm=Fin,17478460,CHI
.,.,PUNCT,PUNCT,punct,,17478460,CHI
yyy,yyy,VERB,VERB,ROOT,Mood=Sub|Number=Sing|Person=3|Tense=Pres|VerbForm=Fin,17478474,CHI
.,.,PUNCT,PUNCT,punct,,17478474,CHI
blablablabla,blablablabla,NOUN,NOUN,ROOT,Gender=Masc|Number=Plur,17478485,MOT
.,.,PUNCT,PUNCT,punct,,17478485,MOT
yyy,yyy,VERB,VERB,ROOT,Mood=Sub|Number=Sing|Person=3|Tense=Pres|VerbForm=Fin,17478496,CHI
.,.,PUNCT,PUNCT,punct,,17478496,CHI
yyy,yyy,VERB,VERB,ROOT,Mood=Sub|Number=Sing|Person=3|Tense=Pres|VerbForm=Fin,17478507,CHI
.,.,PUNCT,PUNCT,punct,,17478507,CHI
yyy,yyy,VERB,VERB,ROOT,Mood=Sub|Number=Sing|Person=3|Tense=Pres|VerbForm=Fin,17478514,CHI
.,.,PUNCT,PUNCT,punct,,17478514,CHI
yyy,yyy,VERB,VERB,ROOT,Mood=Sub|Number=Sing|Person=3|Tense=Pres|VerbForm=Fin,17478524,CHI
.,.,PUNCT,PUNCT,punct,,17478524,CHI
xxx,xxx,ADJ,ADJ,nsubj,Number=Sing,17478535,CHI
yyy,yyy,VERB,VERB,ROOT,Mood=Sub|Number=Sing|Person=3|Tense=Pres|VerbForm=Fin,17478535,CHI
.,.,PUNCT,PUNCT,punct,,17478535,CHI
ohlàlà,ohlàlà,NOUN,NOUN,ROOT,Gender=Fem|Number=Sing,17478548,MOT
.,.,PUNCT,PUNCT,punct,,17478548,MOT
ils,il,PRON,PRON,nsubj,Gender=Masc|Number=Plur|Person=3,17478563,MOT
sont,être,AUX,AUX,cop,Mood=Ind|Number=Plur|Person=3|Tense=Pres|VerbForm=Fin,17478563,MOT
pas,pas,ADV,ADV,advmod,Polarity=Neg,17478563,MOT
là,là,ADV,ADV,advmod,,17478563,MOT
les,le,DET,DET,det,Definite=Def|Number=Plur|PronType=Art,17478563,MOT
cubes,cube,NOUN,NOUN,ROOT,Gender=Masc|Number=Plur,17478563,MOT
Ana,Ana,PROPN,PROPN,ROOT,,17478563,MOT
.,.,PUNCT,PUNCT,punct,,17478563,MOT
ils,il,PRON,PRON,nsubj,Gender=Masc|Number=Plur|Person=3,17478574,MOT
doivent,devoir,VERB,VERB,ROOT,Mood=Ind|Number=Plur|Person=3|Tense=Pres|VerbForm=Fin,17478574,MOT
être,être,AUX,AUX,cop,VerbForm=Inf,17478574,MOT
chez,chez,ADP,ADP,case,,17478574,MOT
papi,papi,NOUN,NOUN,xcomp,Gender=Masc|Number=Sing,17478574,MOT
.,.,PUNCT,PUNCT,punct,,17478574,MOT
ouais,ouai,NOUN,NOUN,ROOT,Gender=Masc|Number=Plur,17478588,MOT
!,!,PUNCT,PUNCT,punct,,17478588,MOT
xxx,xxx,ADJ,ADJ,ROOT,Number=Sing,17478601,CHI
.,.,PUNCT,PUNCT,ROOT,,17478601,CHI
ah,ah,INTJ,INTJ,nsubj,,17478614,MOT
tu,tu,PRON,PRON,nsubj,Number=Sing|Person=1,17478614,MOT
as,avoir,AUX,AUX,aux:tense,Mood=Ind|Number=Sing|Person=1|Tense=Pres|VerbForm=Fin,17478614,MOT
trouvé,trouver,VERB,VERB,ROOT,Gender=Masc|Number=Sing|Tense=Past|VerbForm=Part,17478614,MOT
la,le,DET,DET,det,Definite=Def|Gender=Fem|Number=Sing|PronType=Art,17478614,MOT
brosse,brosse,NOUN,NOUN,obj,Gender=Fem|Number=Sing,17478614,MOT
!,!,PUNCT,PUNCT,punct,,17478614,MOT
elle,lui,PRON,PRON,nsubj,Gender=Fem|Number=Sing|Person=3,17478623,MOT
était,être,AUX,AUX,cop,Mood=Ind|Number=Sing|Person=3|Tense=Imp|VerbForm=Fin,17478623,MOT
donc,donc,ADV,ADV,advmod,,17478623,MOT
là,là,ADV,ADV,ROOT,,17478623,MOT
!,!,PUNCT,PUNCT,punct,,17478623,MOT
attends,attendre,VERB,VERB,nsubj,Mood=Ind|Number=Sing|Person=3|Tense=Pres|VerbForm=Fin,17478633,MOT
attends,attendre,VERB,VERB,ROOT,Mood=Ind|Number=Sing|Person=3|Tense=Pres|VerbForm=Fin,17478633,MOT
y,y,PRON,PRON,expl:comp,Person=3,17478633,MOT
a,avoir,VERB,VERB,advcl,Mood=Ind|Number=Sing|Person=3|Tense=Pres|VerbForm=Fin,17478633,MOT
un,un,DET,DET,det,Definite=Ind|Gender=Masc|Number=Sing|PronType=Art,17478633,MOT
bout,bout,NOUN,NOUN,obj,Gender=Masc|Number=Sing,17478633,MOT
de,de,ADP,ADP,case,,17478633,MOT
ficelle,ficelle,NOUN,NOUN,nmod,Gender=Fem|Number=Sing,17478633,MOT
!,!,PUNCT,PUNCT,punct,,17478633,MOT
tu,tu,PRON,PRON,nsubj,Number=Sing|Person=1,17478645,MOT
te,te,PRON,PRON,iobj,Number=Sing|Person=1|Reflex=Yes,17478645,MOT
peignes,peigne,NOUN,NOUN,ROOT,Gender=Fem|Number=Plur,17478645,MOT
?,?,PUNCT,PUNCT,punct,,17478645,MOT
peigne,peigne,NOUN,NOUN,ROOT,Gender=Masc|Number=Sing,17478657,MOT
toi,toi,PRON,PRON,dep,Number=Sing|Person=1,17478657,MOT
!,!,PUNCT,PUNCT,punct,,17478657,MOT
oui,oui,NOUN,NOUN,nsubj,Gender=Masc|Number=Sing,17478673,MOT
c',ce,PRON,PRON,fixed,Number=Sing|Person=3,17478673,MOT
est,être,AUX,AUX,cop,Mood=Ind|Number=Sing|Person=3|Tense=Pres|VerbForm=Fin,17478673,MOT
ça,ça,DET,DET,det,Gender=Masc|Number=Sing|PronType=Dem,17478673,MOT
peignes,peindre,VERB,VERB,ROOT,Gender=Fem|Number=Plur|Tense=Past|VerbForm=Part|Voice=Pass,17478673,MOT
toi,toi,PRON,PRON,amod,Number=Sing|Person=1,17478673,MOT
.,.,PUNCT,PUNCT,punct,,17478673,MOT
comme,comme,ADP,ADP,case,,17478688,MOT
ça,cela,PRON,PRON,ROOT,Gender=Masc|Number=Sing|Person=3|PronType=Dem,17478688,MOT
!,!,PUNCT,PUNCT,punct,,17478688,MOT
ça,cela,PRON,PRON,nsubj,Number=Sing|Person=3,17478704,MOT
y,y,PRON,PRON,fixed,Person=3,17478704,MOT
est,être,AUX,AUX,cop,Mood=Ind|Number=Sing|Person=3|Tense=Pres|VerbForm=Fin,17478704,MOT
tu,tu,PRON,PRON,nsubj,Number=Sing|Person=3,17478704,MOT
es,être,AUX,AUX,cop,Mood=Ind|Number=Plur|Person=3|Tense=Pres|VerbForm=Fin,17478704,MOT
toute,tout,DET,DET,det,Definite=Ind|Gender=Fem|Number=Sing|PronType=Art,17478704,MOT
belle,bel,ADJ,ADJ,ROOT,Gender=Fem|Number=Sing,17478704,MOT
?,?,PUNCT,PUNCT,punct,,17478704,MOT
tu,tu,PRON,PRON,nsubj:pass,Number=Sing|Person=1,17478715,MOT
t',te,PRON,PRON,iobj,Number=Sing|Person=3,17478715,MOT
es,être,AUX,AUX,aux:tense,Mood=Ind|Number=Sing|Person=1|Tense=Pres|VerbForm=Fin,17478715,MOT
bien,bien,ADV,ADV,advmod,,17478715,MOT
peignée,peigner,VERB,VERB,ROOT,Gender=Fem|Number=Sing|Tense=Past|VerbForm=Part,17478715,MOT
?,?,PUNCT,PUNCT,punct,,17478715,MOT
oui,oui,NOUN,NOUN,ROOT,Gender=Masc|Number=Sing,17478726,MOT
!,!,PUNCT,PUNCT,punct,,17478726,MOT
oui,oui,NOUN,NOUN,nsubj,Gender=Masc|Number=Sing,17478736,MOT
oui,oui,NOUN,NOUN,ROOT,Gender=Masc|Number=Sing,17478736,MOT
!,!,PUNCT,PUNCT,punct,,17478736,MOT
allez,aller,VERB,VERB,ROOT,Mood=Imp|Number=Plur|Person=2|Tense=Pres|VerbForm=Fin,17478748,MOT
xxx,xxx,VERB,VERB,xcomp,VerbForm=Inf,17478748,MOT
.,.,PUNCT,PUNCT,punct,,17478748,MOT
tiens,tenir,VERB,VERB,ROOT,Mood=Ind|Number=Sing|Person=3|Tense=Pres|VerbForm=Fin,17478757,MOT
xxx,xxx,ADJ,ADJ,amod,Number=Sing,17478757,MOT
des,un,DET,DET,case,Definite=Ind|Number=Plur|PronType=Art,17478757,MOT
pyramides,pyramide,NOUN,NOUN,nmod,Gender=Fem|Number=Plur,17478757,MOT
.,.,PUNCT,PUNCT,punct,,17478757,MOT
des,de,ADP,ADP,case,Definite=Def|Number=Plur|PronType=Art,17478770,MOT
montagnes,montagne,NOUN,NOUN,ROOT,Gender=Fem|Number=Plur,17478770,MOT
?,?,PUNCT,PUNCT,ROOT,,17478770,MOT
se,se,PRON,PRON,expl:comp,Person=3|Reflex=Yes,17478781,MOT
sont,être,AUX,AUX,cop,Mood=Ind|Number=Plur|Person=3|Tense=Pres|VerbForm=Fin,17478781,MOT
les,le,DET,DET,det,Definite=Def|Number=Plur|PronType=Art,17478781,MOT
cubes,cube,NOUN,NOUN,ROOT,Gender=Masc|Number=Plur,17478781,MOT
de,de,ADP,ADP,case,,17478781,MOT
Chl,Chl,PROPN,PROPN,nmod,,17478781,MOT
ça,cela,PRON,PRON,flat:name,Gender=Masc|Number=Sing|Person=3|PronType=Dem,17478781,MOT
!,!,PUNCT,PUNCT,punct,,17478781,MOT
hop,hop,X,X,ROOT,,17478792,MOT
.,.,PUNCT,PUNCT,punct,,17478792,MOT
yyy,yyy,AUX,AUX,expl:pass,Mood=Sub|Number=Sing|Person=3|Tense=Pres|VerbForm=Fin,17478802,CHI
yyy,yyy,VERB,VERB,ROOT,Mood=Sub|Number=Sing|Person=3|Tense=Pres|VerbForm=Fin,17478802,CHI
.,.,PUNCT,PUNCT,punct,,17478802,CHI
boum,boum,NOUN,NOUN,ROOT,Gender=Fem|Number=Plur,17478811,MOT
!,!,PUNCT,PUNCT,punct,,17478811,MOT
oui,oui,NOUN,NOUN,nsubj,Gender=Masc|Number=Sing,17478819,MOT
c',ce,PRON,PRON,fixed,Number=Sing|Person=3,17478819,MOT
est,être,AUX,AUX,dep,Mood=Ind|Number=Sing|Person=3|Tense=Pres|VerbForm=Fin,17478819,MOT
bien,bien,ADV,ADV,advmod,,17478819,MOT
.,.,PUNCT,PUNCT,ROOT,,17478819,MOT
hop,hop,ADV,ADV,ROOT,,17478826,MOT
à,à,ADP,ADP,case,,17478826,MOT
toi,toi,PRON,PRON,obl:arg,Number=Sing|Person=1|PronType=Prs,17478826,MOT
.,.,PUNCT,PUNCT,ROOT,,17478826,MOT
tu,tu,PRON,PRON,nsubj,Number=Sing|Person=1,17478834,MOT
mets,mettre,VERB,VERB,ROOT,Mood=Ind|Number=Sing|Person=1|Tense=Pres|VerbForm=Fin,17478834,MOT
là,là,ADV,ADV,advmod,,17478834,MOT
-,-,ADV,ADV,advmod,,17478834,MOT
haut,haut,ADJ,ADJ,obl:arg,Gender=Masc|Number=Sing,17478834,MOT
?,?,PUNCT,PUNCT,punct,,17478834,MOT
vasy,vasy,VERB,VERB,advcl,Gender=Masc|Number=Sing|Tense=Past|VerbForm=Part,17478843,MOT
mets,mettre,VERB,VERB,ROOT,Mood=Imp|Number=Plur|Person=2|Tense=Pres|VerbForm=Fin,17478843,MOT
dessus,dessus,ADV,ADV,advmod,,17478843,MOT
.,.,PUNCT,PUNCT,punct,,17478843,MOT
voila,voiler,VERB,VERB,ROOT,Mood=Ind|Number=Sing|Person=3|Tense=Pres|VerbForm=Fin,17478854,MOT
comme,comme,SCONJ,SCONJ,case,,17478854,MOT
ça,cela,PRON,PRON,det,Gender=Masc|Number=Sing|Person=3|PronType=Dem,17478854,MOT
bravo,bravo,PROPN,PROPN,obl:mod,Gender=Masc|Number=Sing,17478854,MOT
.,.,PUNCT,PUNCT,punct,,17478854,MOT
toi,toi,PRON,PRON,nsubj,Number=Sing|Person=1,17478866,MOT
tu,tu,PRON,PRON,obj,Number=Sing|Person=1,17478866,MOT
mets,mettre,VERB,VERB,ROOT,Mood=Ind|Number=Sing|Person=1|Tense=Pres|VerbForm=Fin,17478866,MOT
?,?,PUNCT,PUNCT,punct,,17478866,MOT
yyy,yyy,VERB,VERB,ROOT,Mood=Sub|Number=Sing|Person=3|Tense=Pres|VerbForm=Fin,17478879,CHI
.,.,PUNCT,PUNCT,punct,,17478879,CHI
voila,voiler,PROPN,PROPN,ROOT,,17478890,MOT
!,!,PUNCT,PUNCT,punct,,17478890,MOT
yyy,yyy,VERB,VERB,ROOT,Mood=Sub|Number=Sing|Person=3|Tense=Pres|VerbForm=Fin,17478897,CHI
.,.,PUNCT,PUNCT,punct,,17478897,CHI
ah,ah,CCONJ,CCONJ,ROOT,,17478909,MOT
!,!,PUNCT,PUNCT,punct,,17478909,MOT
www,www,PRON,PRON,ROOT,Number=Sing,17478920,MOT
.,.,PUNCT,PUNCT,punct,,17478920,MOT
tiens,tenir,VERB,VERB,ROOT,Mood=Ind|Number=Sing|Person=3|Tense=Pres|VerbForm=Fin,17478930,CHI
!,!,PUNCT,PUNCT,punct,,17478930,CHI
tiens,tenir,VERB,VERB,ROOT,Mood=Ind|Number=Sing|Person=3|Tense=Pres|VerbForm=Fin,17478940,MOT
!,!,PUNCT,PUNCT,punct,,17478940,MOT
yyy,yyy,VERB,VERB,ROOT,Mood=Sub|Number=Sing|Person=3|Tense=Pres|VerbForm=Fin,17478952,CHI
.,.,PUNCT,PUNCT,punct,,17478952,CHI
yyy,yyy,VERB,VERB,ROOT,Mood=Sub|Number=Sing|Person=3|Tense=Pres|VerbForm=Fin,17478965,CHI
.,.,PUNCT,PUNCT,punct,,17478965,CHI
bravo,bravo,PROPN,PROPN,ROOT,Gender=Masc|Number=Sing,17478976,MOT
!,!,PUNCT,PUNCT,ROOT,,17478976,MOT
tiens,tenir,VERB,VERB,ROOT,Mood=Ind|Number=Sing|Person=3|Tense=Pres|VerbForm=Fin,17478991,MOT
ma,mon,DET,DET,det,Gender=Fem|Number=Sing|Poss=Yes,17478991,MOT
loute,loute,NOUN,NOUN,obj,Gender=Fem|Number=Sing,17478991,MOT
.,.,PUNCT,PUNCT,punct,,17478991,MOT
tu,tu,PRON,PRON,nsubj,Number=Sing|Person=1,17479001,MOT
ranges,ranger,VERB,VERB,ROOT,Mood=Ind|Number=Sing|Person=1|Tense=Pres|VerbForm=Fin,17479001,MOT
?,?,PUNCT,PUNCT,punct,,17479001,MOT
www,www,PRON,PRON,ROOT,Number=Sing,17479011,MOT
.,.,PUNCT,PUNCT,punct,,17479011,MOT
ouh,ouh,ADP,ADP,nsubj,Definite=Def|Gender=Masc|Number=Sing|PronType=Art,17479019,MOT
là,là,ADV,ADV,advmod,,17479019,MOT
là,là,ADV,ADV,fixed,,17479019,MOT
tu,tu,PRON,PRON,det,Number=Sing|Person=1,17479019,MOT
casses,casse,NOUN,NOUN,ROOT,Gender=Fem|Number=Plur,17479019,MOT
tout,tout,DET,DET,det,Definite=Ind|Gender=Masc|Number=Sing|PronType=Art,17479019,MOT
mimine,mimine,NOUN,NOUN,obj,Gender=Fem|Number=Sing,17479019,MOT
!,!,PUNCT,PUNCT,punct,,17479019,MOT
tiens,tenir,VERB,VERB,ROOT,Mood=Ind|Number=Sing|Person=3|Tense=Pres|VerbForm=Fin,17479029,MOT
xxx,xxx,ADJ,ADJ,amod,Number=Sing,17479029,MOT
.,.,PUNCT,PUNCT,punct,,17479029,MOT
allez,aller,VERB,VERB,ROOT,Mood=Imp|Number=Plur|Person=2|Tense=Pres|VerbForm=Fin,17479041,MOT
xxx,xxx,VERB,VERB,xcomp,VerbForm=Inf,17479041,MOT
ma,mon,DET,DET,det,Gender=Fem|Number=Sing|Poss=Yes,17479041,MOT
main,main,NOUN,NOUN,obj,Gender=Fem|Number=Sing,17479041,MOT
!,!,PUNCT,PUNCT,punct,,17479041,MOT
mais,mais,CCONJ,CCONJ,ROOT,,17479053,MOT
!,!,PUNCT,PUNCT,punct,,17479053,MOT
ça,cela,PRON,PRON,nsubj,Number=Sing|Person=3,17479065,MOT
y,y,PRON,PRON,iobj,Person=3,17479065,MOT
est,être,AUX,AUX,aux:tense,Mood=Ind|Number=Sing|Person=3|Tense=Pres|VerbForm=Fin,17479065,MOT
tu,tu,PRON,PRON,nsubj,Number=Sing|Person=1,17479065,MOT
as,avoir,AUX,AUX,aux:tense,Mood=Ind|Number=Sing|Person=1|Tense=Pres|VerbForm=Fin,17479065,MOT
tout,tout,ADV,ADV,advmod,,17479065,MOT
jeté,jeter,VERB,VERB,ROOT,Gender=Masc|Number=Sing|Tense=Past|VerbForm=Part,17479065,MOT
?,?,PUNCT,PUNCT,punct,,17479065,MOT
yyy,yyy,AUX,AUX,expl:pass,Mood=Sub|Number=Sing|Person=3|Tense=Pres|VerbForm=Fin,17479076,CHI
yyy,yyy,VERB,VERB,ROOT,Mood=Sub|Number=Sing|Person=3|Tense=Pres|VerbForm=Fin,17479076,CHI
.,.,PUNCT,PUNCT,punct,,17479076,CHI
oui,oui,NOUN,NOUN,ROOT,Gender=Masc|Number=Sing,17479087,MOT
!,!,PUNCT,PUNCT,punct,,17479087,MOT
xxx,xxx,ADJ,ADJ,ROOT,Number=Sing,17479098,CHI
.,.,PUNCT,PUNCT,ROOT,,17479098,CHI
mets,mettre,VERB,VERB,ROOT,Mood=Ind|Number=Sing|Person=3|Tense=Pres|VerbForm=Fin,17479109,MOT
dedans,dedans,ADP,ADP,xcomp,,17479109,MOT
!,!,PUNCT,PUNCT,punct,,17479109,MOT
yyy,yyy,VERB,VERB,ROOT,Mood=Sub|Number=Sing|Person=3|Tense=Pres|VerbForm=Fin,17479121,CHI
.,.,PUNCT,PUNCT,punct,,17479121,CHI
oui,oui,NOUN,NOUN,ROOT,Gender=Masc|Number=Sing,17479131,MOT
.,.,PUNCT,PUNCT,punct,,17479131,MOT
www,www,PRON,PRON,ROOT,Number=Sing,17479142,CHI
.,.,PUNCT,PUNCT,punct,,17479142,CHI
oui,oui,NOUN,NOUN,ROOT,Gender=Masc|Number=Sing,17479154,MOT
!,!,PUNCT,PUNCT,punct,,17479154,MOT
yyy,yyy,VERB,VERB,ROOT,Mood=Sub|Number=Sing|Person=3|Tense=Pres|VerbForm=Fin,17479168,CHI
.,.,PUNCT,PUNCT,punct,,17479168,CHI
xxx,xxx,ADJ,ADJ,amod,Number=Sing,17479178,MOT
orange,orange,NOUN,NOUN,ROOT,Gender=Masc|Number=Sing,17479178,MOT
!,!,PUNCT,PUNCT,ROOT,,17479178,MOT
mets,mettre,VERB,VERB,ROOT,Mood=Ind|Number=Sing|Person=3|Tense=Pres|VerbForm=Fin,17479195,MOT
dedans,dedans,ADP,ADP,xcomp,,17479195,MOT
!,!,PUNCT,PUNCT,punct,,17479195,MOT
www,www,PRON,PRON,ROOT,Number=Sing,17479206,MOT
.,.,PUNCT,PUNCT,punct,,17479206,MOT
on,on,PRON,PRON,nsubj,Number=Sing|Person=3,17479219,MOT
ferme,ferme,ADJ,ADJ,ROOT,Number=Sing,17479219,MOT
!,!,PUNCT,PUNCT,punct,,17479219,MOT
xxx,xxx,ADJ,ADJ,ROOT,Number=Sing,17479257,CHI
.,.,PUNCT,PUNCT,ROOT,,17479257,CHI
yyy,yyy,VERB,VERB,ROOT,Mood=Sub|Number=Sing|Person=3|Tense=Pres|VerbForm=Fin,17479270,CHI
.,.,PUNCT,PUNCT,punct,,17479270,CHI
www,www,PRON,PRON,ROOT,Number=Sing,17479281,MOT
.,.,PUNCT,PUNCT,punct,,17479281,MOT
www,www,PRON,PRON,ROOT,Number=Sing,17479290,MOT
.,.,PUNCT,PUNCT,punct,,17479290,MOT
yyy,yyy,VERB,VERB,ROOT,Mood=Sub|Number=Sing|Person=3|Tense=Pres|VerbForm=Fin,17479301,CHI
.,.,PUNCT,PUNCT,punct,,17479301,CHI
yyy,yyy,VERB,VERB,ROOT,Mood=Sub|Number=Sing|Person=3|Tense=Pres|VerbForm=Fin,17479313,CHI
.,.,PUNCT,PUNCT,punct,,17479313,CHI
yyy,yyy,VERB,VERB,ROOT,Mood=Sub|Number=Sing|Person=3|Tense=Pres|VerbForm=Fin,17479328,CHI
.,.,PUNCT,PUNCT,punct,,17479328,CHI
ben,ben,ADV,ADV,ROOT,,17479337,MOT
alors,alors,ADV,ADV,advmod,,17479337,MOT
!,!,PUNCT,PUNCT,ROOT,,17479337,MOT
yyy,yyy,VERB,VERB,ROOT,Mood=Sub|Number=Sing|Person=3|Tense=Pres|VerbForm=Fin,17479346,CHI
.,.,PUNCT,PUNCT,punct,,17479346,CHI
tu,tu,PRON,PRON,nsubj,Number=Sing|Person=1,17479362,MOT
as,avoir,AUX,AUX,aux:tense,Mood=Ind|Number=Sing|Person=1|Tense=Pres|VerbForm=Fin,17479362,MOT
vu,voir,VERB,VERB,ROOT,Gender=Masc|Number=Sing|Tense=Past|VerbForm=Part,17479362,MOT
y,y,PRON,PRON,expl:comp,Person=3,17479362,MOT
a,avoir,VERB,VERB,xcomp,Mood=Ind|Number=Sing|Person=3|Tense=Pres|VerbForm=Fin,17479362,MOT
le,le,DET,DET,det,Definite=Def|Gender=Masc|Number=Sing|PronType=Art,17479362,MOT
lapin,lapin,NOUN,NOUN,obj,Gender=Masc|Number=Sing,17479362,MOT
là,là,ADV,ADV,advmod,,17479362,MOT
!,!,PUNCT,PUNCT,punct,,17479362,MOT
hum,hum,NOUN,NOUN,ROOT,Gender=Fem|Number=Sing,17479378,MOT
.,.,PUNCT,PUNCT,punct,,17479378,MOT
là,là,ADV,ADV,advmod,,17479390,MOT
aussi,aussi,ADV,ADV,advmod,,17479390,MOT
y,y,PRON,PRON,expl:comp,Person=3,17479390,MOT
a,avoir,VERB,VERB,ROOT,Mood=Ind|Number=Sing|Person=3|Tense=Pres|VerbForm=Fin,17479390,MOT
un,un,DET,DET,det,Definite=Ind|Gender=Masc|Number=Sing|PronType=Art,17479390,MOT
lapin,lapin,NOUN,NOUN,obj,Gender=Masc|Number=Sing,17479390,MOT
.,.,PUNCT,PUNCT,punct,,17479390,MOT
c',ce,PRON,PRON,nsubj,Number=Sing|Person=3,17479404,MOT
est,être,AUX,AUX,cop,Mood=Ind|Number=Sing|Person=3|Tense=Pres|VerbForm=Fin,17479404,MOT
le,le,DET,DET,det,Definite=Def|Gender=Masc|Number=Sing|PronType=Art,17479404,MOT
lapin,lapin,NOUN,NOUN,ROOT,Gender=Masc|Number=Sing,17479404,MOT
des,de,ADP,ADP,case,Definite=Def|Number=Plur|PronType=Art,17479404,MOT
Télétubbies,télétubbie,NOUN,NOUN,nmod,Gender=Masc|Number=Plur,17479404,MOT
!,!,PUNCT,PUNCT,punct,,17479404,MOT
non,non,ADV,ADV,advmod,,17479417,MOT
non,non,ADV,ADV,advmod,,17479417,MOT
non,non,ADV,ADV,fixed,,17479417,MOT
tu,tu,PRON,PRON,nsubj,Number=Sing|Person=3,17479417,MOT
lui,lui,PRON,PRON,case,Number=Sing|Person=3,17479417,MOT
manges,mange,NOUN,NOUN,ROOT,Gender=Masc|Number=Plur,17479417,MOT
pas,pas,ADV,ADV,advmod,Polarity=Neg,17479417,MOT
.,.,PUNCT,PUNCT,ROOT,,17479417,MOT
yyy,yyy,VERB,VERB,ROOT,Mood=Sub|Number=Sing|Person=3|Tense=Pres|VerbForm=Fin,17479438,CHI
.,.,PUNCT,PUNCT,punct,,17479438,CHI
mhm,mhm,ADJ,ADJ,ROOT,Number=Plur,17479452,MOT
qu',qu',PRON,PRON,obj,PronType=Rel,17479452,MOT
est,être,AUX,AUX,cop,Mood=Ind|Number=Sing|Person=3|Tense=Pres|VerbForm=Fin,17479452,MOT
-ce,-ce,PRON,PRON,nsubj,Number=Sing|Person=3,17479452,MOT
tu,tu,PRON,PRON,advmod,Number=Sing|Person=1,17479452,MOT
fais,faire,VERB,VERB,ROOT,Mood=Ind|Number=Sing|Person=1|Tense=Pres|VerbForm=Fin,17479452,MOT
?,?,PUNCT,PUNCT,punct,,17479452,MOT
yyy,yyy,AUX,AUX,expl:pass,Mood=Sub|Number=Sing|Person=3|Tense=Pres|VerbForm=Fin,17479469,CHI
yyy,yyy,VERB,VERB,ROOT,Mood=Sub|Number=Sing|Person=3|Tense=Pres|VerbForm=Fin,17479469,CHI
.,.,PUNCT,PUNCT,punct,,17479469,CHI
mhm,mhm,ADJ,ADJ,ROOT,Number=Plur,17479481,MOT
.,.,PUNCT,PUNCT,punct,,17479481,MOT
yyy,yyy,VERB,VERB,ROOT,Mood=Sub|Number=Sing|Person=3|Tense=Pres|VerbForm=Fin,17479495,CHI
.,.,PUNCT,PUNCT,punct,,17479495,CHI
yyy,yyy,VERB,VERB,ROOT,Mood=Sub|Number=Sing|Person=3|Tense=Pres|VerbForm=Fin,17479509,CHI
.,.,PUNCT,PUNCT,punct,,17479509,CHI
non,non,ADV,ADV,advmod,,17479524,MOT
xxx,xxx,ADJ,ADJ,ROOT,Number=Sing,17479524,MOT
pas,pas,ADV,ADV,advmod,Polarity=Neg,17479524,MOT
à,à,ADP,ADP,case,,17479524,MOT
la,le,DET,DET,det,Definite=Def|Gender=Fem|Number=Sing|PronType=Art,17479524,MOT
bouche,bouche,NOUN,NOUN,obl:arg,Gender=Fem|Number=Sing,17479524,MOT
.,.,PUNCT,PUNCT,ROOT,,17479524,MOT
mais,mais,CCONJ,CCONJ,ROOT,,17479541,MOT
!,!,PUNCT,PUNCT,punct,,17479541,MOT
xxx,xxx,ADJ,ADJ,nsubj,Gender=Masc|Number=Sing,17479555,MOT
fais,faire,VERB,VERB,ROOT,Mood=Ind|Number=Sing|Person=3|Tense=Pres|VerbForm=Fin,17479555,MOT
pas,pas,ADV,ADV,advmod,Polarity=Neg,17479555,MOT
exprès,exprès,ADV,ADV,advmod,,17479555,MOT
!,!,PUNCT,PUNCT,punct,,17479555,MOT
non,non,ADV,ADV,advmod,,17479569,MOT
non,non,ADV,ADV,advmod,,17479569,MOT
non,non,ADV,ADV,ROOT,,17479569,MOT
non,non,ADV,ADV,fixed,,17479569,MOT
!,!,PUNCT,PUNCT,ROOT,,17479569,MOT
non,non,ADV,ADV,ROOT,,17479579,MOT
!,!,PUNCT,PUNCT,punct,,17479579,MOT
non,non,ADV,ADV,ROOT,,17479591,MOT
!,!,PUNCT,PUNCT,punct,,17479591,MOT
yyy,yyy,VERB,VERB,ROOT,Mood=Sub|Number=Sing|Person=3|Tense=Pres|VerbForm=Fin,17479606,CHI
.,.,PUNCT,PUNCT,punct,,17479606,CHI
mais,mais,CCONJ,CCONJ,cc,,17479621,MOT
.,.,PUNCT,PUNCT,ROOT,,17479621,MOT
www,www,PRON,PRON,ROOT,Number=Sing,17479631,CHI
.,.,PUNCT,PUNCT,punct,,17479631,CHI
non,non,ADV,ADV,ROOT,,17479645,MOT
!,!,PUNCT,PUNCT,punct,,17479645,MOT
www,www,PRON,PRON,ROOT,Number=Sing,17479665,CHI
.,.,PUNCT,PUNCT,punct,,17479665,CHI
non,non,ADV,ADV,ROOT,,17479676,MOT
!,!,PUNCT,PUNCT,punct,,17479676,MOT
www,www,PRON,PRON,ROOT,Number=Sing,17479689,CHI
.,.,PUNCT,PUNCT,punct,,17479689,CHI
non,non,ADV,ADV,ROOT,,17479704,MOT
!,!,PUNCT,PUNCT,punct,,17479704,MOT
yyy,yyy,VERB,VERB,ROOT,Mood=Sub|Number=Sing|Person=3|Tense=Pres|VerbForm=Fin,17479717,CHI
.,.,PUNCT,PUNCT,punct,,17479717,CHI
yyy,yyy,VERB,VERB,ROOT,Mood=Sub|Number=Sing|Person=3|Tense=Pres|VerbForm=Fin,17479733,CHI
.,.,PUNCT,PUNCT,punct,,17479733,CHI
donne,donne,VERB,VERB,ROOT,Mood=Ind|Number=Sing|Person=3|Tense=Pres|VerbForm=Fin,17479750,MOT
!,!,PUNCT,PUNCT,punct,,17479750,MOT
donne,donne,VERB,VERB,ROOT,Mood=Ind|Number=Sing|Person=3|Tense=Pres|VerbForm=Fin,17479762,MOT
!,!,PUNCT,PUNCT,punct,,17479762,MOT
www,www,PRON,PRON,ROOT,Number=Sing,17479778,CHI
.,.,PUNCT,PUNCT,punct,,17479778,CHI
non,non,ADV,ADV,ROOT,,17479794,MOT
!,!,PUNCT,PUNCT,punct,,17479794,MOT
yyy,yyy,VERB,VERB,ROOT,Mood=Sub|Number=Sing|Person=3|Tense=Pres|VerbForm=Fin,17479809,CHI
.,.,PUNCT,PUNCT,punct,,17479809,CHI
yyy,yyy,AUX,AUX,expl:pass,Mood=Sub|Number=Sing|Person=3|Tense=Pres|VerbForm=Fin,17479823,CHI
yyy,yyy,VERB,VERB,ROOT,Mood=Sub|Number=Sing|Person=3|Tense=Pres|VerbForm=Fin,17479823,CHI
.,.,PUNCT,PUNCT,punct,,17479823,CHI
miammiam,miammiam,NOUN,NOUN,ROOT,Gender=Fem|Number=Sing,17479839,CHI
.,.,PUNCT,PUNCT,punct,,17479839,CHI
mhm,mhm,NOUN,NOUN,nsubj,Number=Plur,17479851,MOT
donne,donne,VERB,VERB,ROOT,Mood=Ind|Number=Sing|Person=3|Tense=Pres|VerbForm=Fin,17479851,MOT
!,!,PUNCT,PUNCT,punct,,17479851,MOT
c',ce,PRON,PRON,nsubj,Number=Sing|Person=3,17479867,MOT
est,être,AUX,AUX,cop,Mood=Ind|Number=Sing|Person=3|Tense=Pres|VerbForm=Fin,17479867,MOT
pas,pas,ADV,ADV,advmod,Polarity=Neg,17479867,MOT
miammiam,miammiam,NOUN,NOUN,ROOT,Gender=Fem|Number=Sing,17479867,MOT
tu,tu,PRON,PRON,nsubj,Number=Sing|Person=1,17479867,MOT
donnes,donner,VERB,VERB,parataxis,Mood=Ind|Number=Sing|Person=1|Tense=Pres|VerbForm=Fin,17479867,MOT
.,.,PUNCT,PUNCT,punct,,17479867,MOT
ouais,ouai,NOUN,NOUN,ROOT,Gender=Masc|Number=Plur,17479879,MOT
!,!,PUNCT,PUNCT,punct,,17479879,MOT
yyy,yyy,VERB,VERB,ROOT,Mood=Sub|Number=Sing|Person=3|Tense=Pres|VerbForm=Fin,17479893,CHI
.,.,PUNCT,PUNCT,punct,,17479893,CHI
xxx,xxx,ADJ,ADJ,amod,Number=Sing,17479906,MOT
peigne,peigne,NOUN,NOUN,dep,Gender=Masc|Number=Sing,17479906,MOT
toi,toi,PRON,PRON,nsubj,Number=Sing|Person=1,17479906,MOT
peigne,peindre,VERB,VERB,ROOT,Mood=Ind|Number=Sing|Person=3|Tense=Pres|VerbForm=Fin,17479906,MOT
toi,toi,PRON,PRON,dep,Number=Sing|Person=1,17479906,MOT
!,!,PUNCT,PUNCT,punct,,17479906,MOT
www,www,PRON,PRON,ROOT,Number=Sing,17479926,MOT
.,.,PUNCT,PUNCT,punct,,17479926,MOT
hop,hop,X,X,ROOT,,17479938,MOT
!,!,PUNCT,PUNCT,punct,,17479938,MOT
regarde,regarde,VERB,VERB,ROOT,Mood=Ind|Number=Sing|Person=3|Tense=Pres|VerbForm=Fin,17479951,MOT
la,le,DET,DET,det,Definite=Def|Gender=Fem|Number=Sing|PronType=Art,17479951,MOT
voiture,voiture,NOUN,NOUN,obj,Gender=Fem|Number=Sing,17479951,MOT
!,!,PUNCT,PUNCT,punct,,17479951,MOT
oh,oh,PRON,PRON,iobj,Number=Sing|Person=1,17479965,MOT
ben,ben,VERB,VERB,case,Gender=Masc|Number=Sing|Tense=Past|VerbForm=Part,17479965,MOT
tu,tu,PRON,PRON,nsubj,Number=Sing|Person=1,17479965,MOT
manges,mange,NOUN,NOUN,ROOT,Gender=Masc|Number=Plur,17479965,MOT
la,le,DET,DET,det,Definite=Def|Gender=Fem|Number=Sing|PronType=Art,17479965,MOT
voiture,voiture,NOUN,NOUN,obj,Gender=Fem|Number=Sing,17479965,MOT
aussi,aussi,ADV,ADV,advmod,,17479965,MOT
!,!,PUNCT,PUNCT,punct,,17479965,MOT
xxx,xxx,ADJ,ADJ,amod,Gender=Masc|Number=Sing,17479980,MOT
ça,cela,PRON,PRON,ROOT,Gender=Masc|Number=Sing|Person=3|PronType=Dem,17479980,MOT
!,!,PUNCT,PUNCT,punct,,17479980,MOT
ah,ah,CCONJ,CCONJ,ROOT,,17479991,CHI
.,.,PUNCT,PUNCT,punct,,17479991,CHI
ah,ah,CCONJ,CCONJ,ROOT,,17480005,MOT
!,!,PUNCT,PUNCT,punct,,17480005,MOT
regarde,regarde,VERB,VERB,ROOT,Gender=Fem|Number=Sing|Tense=Past|VerbForm=Part,17480020,MOT
par,par,ADP,ADP,case,,17480020,MOT
là,là,ADV,ADV,obl:agent,,17480020,MOT
-,-,NOUN,NOUN,obl:arg,Gender=Masc|Number=Sing,17480020,MOT
bas,bas,NOUN,NOUN,obl:mod,Gender=Masc|Number=Sing,17480020,MOT
la,le,DET,DET,det,Definite=Def|Gender=Fem|Number=Sing|PronType=Art,17480020,MOT
voiture,voiture,NOUN,NOUN,obj,Gender=Fem|Number=Sing,17480020,MOT
vroumvroum,vroumvroum,ADJ,ADJ,acl,,17480020,MOT
.,.,PUNCT,PUNCT,punct,,17480020,MOT
hop,hop,ADP,ADP,case,,17480033,MOT
elle,lui,PRON,PRON,nsubj,Gender=Fem|Number=Sing|Person=3,17480033,MOT
est,être,AUX,AUX,cop,Mood=Ind|Number=Sing|Person=3|Tense=Pres|VerbForm=Fin,17480033,MOT
partie,partie,NOUN,NOUN,ROOT,Gender=Fem|Number=Sing,17480033,MOT
.,.,PUNCT,PUNCT,punct,,17480033,MOT
www,www,PRON,PRON,ROOT,Number=Sing,17480050,CHI
.,.,PUNCT,PUNCT,punct,,17480050,CHI
www,www,PRON,PRON,ROOT,Number=Sing,17480063,MOT
.,.,PUNCT,PUNCT,punct,,17480063,MOT
ah,ah,AUX,AUX,nsubj,Mood=Ind|Number=Sing|Person=3|Tense=Pres|VerbForm=Fin,17480078,MOT
tu,tu,PRON,PRON,nsubj,Number=Sing|Person=1,17480078,MOT
vas,aller,VERB,VERB,ROOT,Mood=Ind|Number=Sing|Person=3|Tense=Pres|VerbForm=Fin,17480078,MOT
où,où,PRON,PRON,obj,,17480078,MOT
?,?,PUNCT,PUNCT,punct,,17480078,MOT
où,où,PRON,PRON,iobj,PronType=Rel,17480092,MOT
vas,aller,VERB,VERB,ROOT,Mood=Ind|Number=Sing|Person=3|Tense=Pres|VerbForm=Fin,17480092,MOT
tu,tu,PRON,PRON,dep,Number=Sing|Person=1,17480092,MOT
?,?,PUNCT,PUNCT,punct,,17480092,MOT
tu,tu,PRON,PRON,nsubj,Number=Sing|Person=1,17480107,MOT
mets,mettre,VERB,VERB,ROOT,Mood=Ind|Number=Sing|Person=1|Tense=Pres|VerbForm=Fin,17480107,MOT
le,le,DET,DET,det,Definite=Def|Gender=Masc|Number=Sing|PronType=Art,17480107,MOT
toit,toit,NOUN,NOUN,obj,Gender=Masc|Number=Sing,17480107,MOT
?,?,PUNCT,PUNCT,punct,,17480107,MOT
ah,ah,CCONJ,CCONJ,ROOT,,17480126,MOT
.,.,PUNCT,PUNCT,punct,,17480126,MOT
attends,attendre,VERB,VERB,ROOT,Mood=Ind|Number=Sing|Person=3|Tense=Pres|VerbForm=Fin,17480141,MOT
voir,voir,VERB,VERB,xcomp,VerbForm=Inf,17480141,MOT
.,.,PUNCT,PUNCT,punct,,17480141,MOT
j',je,PRON,PRON,nsubj,Number=Sing|Person=1,17480154,MOT
entends,entendre,VERB,VERB,ROOT,Mood=Ind|Number=Sing|Person=1|Tense=Pres|VerbForm=Fin,17480154,MOT
ta,ton,DET,DET,det,Gender=Fem|Number=Sing|Poss=Yes,17480154,MOT
soeur,soeur,NOUN,NOUN,obj,Gender=Fem|Number=Sing,17480154,MOT
.,.,PUNCT,PUNCT,punct,,17480154,MOT
yyy,yyy,VERB,VERB,ROOT,Mood=Sub|Number=Sing|Person=3|Tense=Pres|VerbForm=Fin,17480166,CHI
.,.,PUNCT,PUNCT,punct,,17480166,CHI
yyy,yyy,VERB,VERB,ROOT,Mood=Sub|Number=Sing|Person=3|Tense=Pres|VerbForm=Fin,17480185,CHI
.,.,PUNCT,PUNCT,punct,,17480185,CHI
tu,tu,PRON,PRON,nsubj,Number=Sing|Person=1,17480197,INV
ramène,ramener,VERB,VERB,ROOT,Mood=Ind|Number=Sing|Person=3|Tense=Pres|VerbForm=Fin,17480197,INV
les,le,DET,DET,det,Definite=Def|Number=Plur|PronType=Art,17480197,INV
cubes,cube,NOUN,NOUN,obj,Gender=Masc|Number=Plur,17480197,INV
?,?,PUNCT,PUNCT,punct,,17480197,INV
viens,venir,VERB,VERB,ROOT,Mood=Ind|Number=Sing|Person=1|Tense=Pres|VerbForm=Fin,17480211,MOT
là,là,ADV,ADV,obl:arg,,17480211,MOT
.,.,PUNCT,PUNCT,punct,,17480211,MOT
viens,venir,VERB,VERB,ROOT,Mood=Ind|Number=Sing|Person=3|Tense=Pres|VerbForm=Fin,17480228,INV
Ana,Ana,PROPN,PROPN,ROOT,,17480228,INV
!,!,PUNCT,PUNCT,punct,,17480228,INV
Ana,Ana,PROPN,PROPN,ROOT,,17480241,INV
!,!,PUNCT,PUNCT,punct,,17480241,INV
Ana,Ana,PROPN,PROPN,ROOT,,17480256,INV
.,.,PUNCT,PUNCT,punct,,17480256,INV
ah,ah,CCONJ,CCONJ,ROOT,,17480268,CHI
.,.,PUNCT,PUNCT,punct,,17480268,CHI
viens,venir,VERB,VERB,ROOT,Mood=Ind|Number=Sing|Person=1|Tense=Pres|VerbForm=Fin,17480279,MOT
.,.,PUNCT,PUNCT,punct,,17480279,MOT
tu,tu,PRON,PRON,nsubj,Number=Sing|Person=1,17480293,MOT
viens,venir,VERB,VERB,ROOT,Mood=Ind|Number=Sing|Person=1|Tense=Pres|VerbForm=Fin,17480293,MOT
?,?,PUNCT,PUNCT,punct,,17480293,MOT
ah,ah,PRON,PRON,obj,Person=3|Reflex=Yes,17480307,CHI
yyy,yyy,VERB,VERB,ROOT,Mood=Sub|Number=Plur|Person=3|Tense=Pres|VerbForm=Fin,17480307,CHI
.,.,PUNCT,PUNCT,punct,,17480307,CHI
c',ce,PRON,PRON,expl:subj,Number=Sing|Person=3,17480315,MOT
est,être,AUX,AUX,cop,Mood=Ind|Number=Sing|Person=3|Tense=Pres|VerbForm=Fin,17480315,MOT
quoi,quoi,PRON,PRON,dep,PronType=Int,17480315,MOT
ça,cela,PRON,PRON,ROOT,Gender=Masc|Number=Sing|Person=3|PronType=Dem,17480315,MOT
?,?,PUNCT,PUNCT,punct,,17480315,MOT
yyy,yyy,AUX,AUX,expl:pass,Mood=Sub|Number=Sing|Person=3|Tense=Pres|VerbForm=Fin,17480326,CHI
yyy,yyy,VERB,VERB,ROOT,Mood=Sub|Number=Sing|Person=3|Tense=Pres|VerbForm=Fin,17480326,CHI
.,.,PUNCT,PUNCT,punct,,17480326,CHI
yyy,yyy,AUX,AUX,expl:pass,Mood=Sub|Number=Sing|Person=3|Tense=Pres|VerbForm=Fin,17480343,CHI
yyy,yyy,VERB,VERB,ROOT,Mood=Sub|Number=Sing|Person=3|Tense=Pres|VerbForm=Fin,17480343,CHI
.,.,PUNCT,PUNCT,punct,,17480343,CHI
yyy,yyy,AUX,AUX,expl:pass,Mood=Sub|Number=Sing|Person=3|Tense=Pres|VerbForm=Fin,17480359,CHI
yyy,yyy,VERB,VERB,ROOT,Mood=Sub|Number=Sing|Person=3|Tense=Pres|VerbForm=Fin,17480359,CHI
.,.,PUNCT,PUNCT,punct,,17480359,CHI
voilà,voilà,VERB,VERB,ROOT,VerbForm=Inf,17480373,MOT
!,!,PUNCT,PUNCT,punct,,17480373,MOT
tu,tu,PRON,PRON,nsubj,Number=Sing|Person=1,17480387,MOT
montes,monter,VERB,VERB,ROOT,Gender=Fem|Number=Plur|Tense=Past|VerbForm=Part,17480387,MOT
dessus,dessus,ADV,ADV,advmod,,17480387,MOT
?,?,PUNCT,PUNCT,punct,,17480387,MOT
qu',que,SCONJ,SCONJ,mark,,17480402,MOT
est,être,AUX,AUX,aux:tense,Mood=Ind|Number=Sing|Person=3|Tense=Pres|VerbForm=Fin,17480402,MOT
-ce,-ce,PRON,PRON,nsubj,Number=Sing|Person=3,17480402,MOT
tu,tu,PRON,PRON,nsubj,Number=Sing|Person=3,17480402,MOT
y,y,PRON,PRON,iobj,Person=3,17480402,MOT
avais,avoir,AUX,AUX,aux:tense,Mood=Ind|Number=Plur|Person=2|Tense=Pres|VerbForm=Fin,17480402,MOT
mis,mettre,VERB,VERB,ROOT,Gender=Masc|Tense=Past|VerbForm=Part,17480402,MOT
dedans,dedans,ADP,ADP,obj,,17480402,MOT
?,?,PUNCT,PUNCT,punct,,17480402,MOT
oh,oh,PRON,PRON,ROOT,Number=Sing|Person=1,17480413,MOT
!,!,PUNCT,PUNCT,punct,,17480413,MOT
mhm,mhm,ADJ,ADJ,ROOT,Gender=Masc,17480426,MOT
c',ce,PRON,PRON,ROOT,Number=Sing|Person=3,17480426,MOT
est,être,VERB,VERB,fixed,Mood=Ind|Number=Sing|Person=3|Tense=Pres|VerbForm=Fin,17480426,MOT
pour,pour,ADP,ADP,mark,,17480426,MOT
tenir,tenir,VERB,VERB,xcomp,VerbForm=Inf,17480426,MOT
la,le,DET,DET,det,Definite=Def|Gender=Fem|Number=Sing|PronType=Art,17480426,MOT
tutu,tutu,NOUN,NOUN,obj,Gender=Fem|Number=Sing,17480426,MOT
ça,cela,PRON,PRON,nmod,Gender=Masc|Number=Sing|Person=3|PronType=Dem,17480426,MOT
.,.,PUNCT,PUNCT,punct,,17480426,MOT
c',ce,PRON,PRON,ROOT,Number=Sing|Person=3,17480440,MOT
est,être,VERB,VERB,fixed,Mood=Ind|Number=Sing|Person=3|Tense=Pres|VerbForm=Fin,17480440,MOT
à,à,ADP,ADP,case,,17480440,MOT
Chl,Chl,PROPN,PROPN,obl:arg,,17480440,MOT
!,!,PUNCT,PUNCT,punct,,17480440,MOT
mhm,mhm,ADJ,ADJ,ROOT,Number=Plur,17480453,MOT
?,?,PUNCT,PUNCT,punct,,17480453,MOT
ben,ben,ADV,ADV,ROOT,,17480468,MOT
alors,alors,ADV,ADV,fixed,,17480468,MOT
?,?,PUNCT,PUNCT,ROOT,,17480468,MOT
yyy,yyy,VERB,VERB,ROOT,Mood=Sub|Number=Sing|Person=3|Tense=Pres|VerbForm=Fin,17480481,CHI
?,?,PUNCT,PUNCT,punct,,17480481,CHI
hein,hein,NOUN,NOUN,ROOT,Gender=Fem|Number=Sing,17480491,MOT
?,?,PUNCT,PUNCT,ROOT,,17480491,MOT
www,www,PRON,PRON,ROOT,Number=Sing,17480507,CHI
.,.,PUNCT,PUNCT,punct,,17480507,CHI
yyy,yyy,VERB,VERB,ROOT,Mood=Sub|Number=Sing|Person=3|Tense=Pres|VerbForm=Fin,17480521,CHI
.,.,PUNCT,PUNCT,punct,,17480521,CHI
yyy,yyy,VERB,VERB,ROOT,Mood=Sub|Number=Sing|Person=3|Tense=Pres|VerbForm=Fin,17480534,CHI
.,.,PUNCT,PUNCT,punct,,17480534,CHI
yyy,yyy,AUX,AUX,expl:pass,Mood=Sub|Number=Sing|Person=3|Tense=Pres|VerbForm=Fin,17480550,CHI
yyy,yyy,VERB,VERB,ROOT,Mood=Sub|Number=Sing|Person=3|Tense=Pres|VerbForm=Fin,17480550,CHI
.,.,PUNCT,PUNCT,punct,,17480550,CHI
yyy,yyy,VERB,VERB,ROOT,Mood=Sub|Number=Sing|Person=3|Tense=Pres|VerbForm=Fin,17480567,CHI
ah,ah,CCONJ,CCONJ,obj,,17480567,CHI
.,.,PUNCT,PUNCT,punct,,17480567,CHI
yyy,yyy,VERB,VERB,ROOT,Mood=Sub|Number=Sing|Person=3|Tense=Pres|VerbForm=Fin,17480584,CHI
.,.,PUNCT,PUNCT,punct,,17480584,CHI
yyy,yyy,AUX,AUX,ROOT,Mood=Sub|Number=Sing|Person=3|Tense=Pres|VerbForm=Fin,17480602,CHI
yyy,yyy,AUX,AUX,advmod,Mood=Sub|Number=Sing|Person=3|Tense=Pres|VerbForm=Fin,17480602,CHI
yyy,yyy,DET,DET,dep,Gender=Masc|Number=Sing,17480602,CHI
yyy,yyy,VERB,VERB,conj,Mood=Sub|Number=Sing|Person=3|Tense=Pres|VerbForm=Fin,17480602,CHI
.,.,PUNCT,PUNCT,punct,,17480602,CHI
Ana,ana,NOUN,NOUN,ROOT,Gender=Fem|Number=Sing,17480617,MOT
xxx,xxx,ADJ,ADJ,amod,Number=Sing,17480617,MOT
.,.,PUNCT,PUNCT,ROOT,,17480617,MOT
